"match_status","action","lot_batches","lot_country","lot_scope","mapping_basis","canonical_city","source_index","title","section","category","country","city","expected_post_type","post_id","external_id","wp_status","match_count","duplicate_post_ids"
"MATCH_HIERARCHICAL_REGION","MERGE_REVIEW","A|03","França","Côte d’Azur / Riviera","Cannes is within Côte d’Azur; lot A names Côte d’Azur and Riviera, lot 03 names Côte d’Azur","Cannes","330","Destinos | Cannes","Curadoria Global","Destinos","França","Cannes","ang_curated","141928","fcf11d5bd00775e850fef4fc309f6534620b52f2242f88c1910dd38a31afde3e","draft","1",""
"MATCH_HIERARCHICAL_REGION","MERGE_REVIEW","A|03","França","Côte d’Azur / Riviera","Cannes is within Côte d’Azur; lot A names Côte d’Azur and Riviera, lot 03 names Côte d’Azur","Cannes","331","Hotelaria Global | Cannes","Curadoria Global","Hotelaria Global","França","Cannes","ang_curated","141929","92cdba7c5fc453f3297c644153fc2400148e23f7e79ee67d7b8911f68996809e","draft","1",""
"MATCH_HIERARCHICAL_REGION","MERGE_REVIEW","A|03","França","Côte d’Azur / Riviera","Cannes is within Côte d’Azur; lot A names Côte d’Azur and Riviera, lot 03 names Côte d’Azur","Cannes","332","Experiências | Cannes","Curadoria Global","Experiências","França","Cannes","ang_curated","141930","b66d07df36529706062344ca13b1ef2b7e32b4b34fdcebf3cc4c0b99ba93bf88","draft","1",""
"MATCH_HIERARCHICAL_REGION","MERGE_REVIEW","A|03","França","Côte d’Azur / Riviera","Cannes is within Côte d’Azur; lot A names Côte d’Azur and Riviera, lot 03 names Côte d’Azur","Cannes","333","Fornecedores | Cannes","Curadoria Global","Fornecedores","França","Cannes","ang_curated","141931","e8dcdd8d3f42532842f4d7f3d7b263add061e5850532096301ab4337698625a9","draft","1",""
"MATCH_HIERARCHICAL_REGION","MERGE_REVIEW","A|03","França","Côte d’Azur / Riviera","Cannes is within Côte d’Azur; lot A names Côte d’Azur and Riviera, lot 03 names Côte d’Azur","Cannes","334","Sustentabilidade | Cannes","Curadoria Global","Sustentabilidade","França","Cannes","ang_curated","141932","330a1e4a484a9a4df1fa1fba7986f6eaba278aa85eb34ca83312277cb40076e5","draft","1",""
"MATCH_HIERARCHICAL_REGION","MERGE_REVIEW","A|03","França","Côte d’Azur / Riviera","Cannes is within Côte d’Azur; lot A names Côte d’Azur and Riviera, lot 03 names Côte d’Azur","Cannes","335","Four Seasons | Cannes","Conteúdo Global","Parceiros Globais","França","Cannes","ang_curated","141933","69cb3d5806f4b655d9b2afa5d27ddf3bd016c252b4d10d7efc20b3088f2f64fe","draft","1",""
"MATCH_HIERARCHICAL_REGION","MERGE_REVIEW","A|03","França","Côte d’Azur / Riviera","Cannes is within Côte d’Azur; lot A names Côte d’Azur and Riviera, lot 03 names Côte d’Azur","Cannes","336","Rosewood | Cannes","Conteúdo Global","Parceiros Globais","França","Cannes","ang_curated","141934","d7321813f0c0fe0a1618b82ca45dc4715189f089b028ece072462652fb5e3fd7","draft","1",""
"MATCH_HIERARCHICAL_REGION","MERGE_REVIEW","A|03","França","Côte d’Azur / Riviera","Cannes is within Côte d’Azur; lot A names Côte d’Azur and Riviera, lot 03 names Côte d’Azur","Cannes","337","Belmond | Cannes","Conteúdo Global","Parceiros Globais","França","Cannes","ang_curated","141935","b3c996547323df6c82dbb581e1c79ffe8cebba9b583aef423c6b777cd59523b6","draft","1",""
"MATCH_HIERARCHICAL_REGION","MERGE_REVIEW","A|03","França","Côte d’Azur / Riviera","Cannes is within Côte d’Azur; lot A names Côte d’Azur and Riviera, lot 03 names Côte d’Azur","Cannes","338","Aman | Cannes","Conteúdo Global","Parceiros Globais","França","Cannes","ang_curated","141936","d2cbf490c865c86b6fbae65cc13e1a3a01e0d4d3c1cceaee194dfc488f5e42fe","draft","1",""
"MATCH_HIERARCHICAL_REGION","MERGE_REVIEW","A|03","França","Côte d’Azur / Riviera","Cannes is within Côte d’Azur; lot A names Côte d’Azur and Riviera, lot 03 names Côte d’Azur","Cannes","339","Six Senses | Cannes","Conteúdo Global","Parceiros Globais","França","Cannes","ang_curated","141937","faddffb6033bbd789d5f940177a0b5c1a1cacdbad6b6cc3714238b3c382a3656","draft","1",""
"MATCH_HIERARCHICAL_REGION","MERGE_REVIEW","A|03","França","Côte d’Azur / Riviera","Cannes is within Côte d’Azur; lot A names Côte d’Azur and Riviera, lot 03 names Côte d’Azur","Cannes","340","Relais & Châteaux | Cannes","Conteúdo Global","Parceiros Globais","França","Cannes","ang_curated","141938","1d34ffac64c77e85bc2d49df1af9f28afaa253829f45db1b7663c469cc5c701e","draft","1",""
"MATCH_HIERARCHICAL_REGION","MERGE_REVIEW","A|03","França","Côte d’Azur / Riviera","Cannes is within Côte d’Azur; lot A names Côte d’Azur and Riviera, lot 03 names Côte d’Azur","Cannes","341","The Leading Hotels of the World | Cannes","Conteúdo Global","Parceiros Globais","França","Cannes","ang_curated","141939","8c4b6da40e8c3468c65ac752826560bd68e448efadbbf5efcf9364736a1dbfc6","draft","1",""
"MATCH_HIERARCHICAL_REGION","MERGE_REVIEW","A|03","França","Côte d’Azur / Riviera","Cannes is within Côte d’Azur; lot A names Côte d’Azur and Riviera, lot 03 names Côte d’Azur","Cannes","342","Small Luxury Hotels | Cannes","Conteúdo Global","Parceiros Globais","França","Cannes","ang_curated","141940","43036b9946b69221de024e8a829de865f25fb7bb8d32f09ebd71717446ef8669","draft","1",""
"MATCH_HIERARCHICAL_REGION","MERGE_REVIEW","A|03","França","Côte d’Azur / Riviera","Cannes is within Côte d’Azur; lot A names Côte d’Azur and Riviera, lot 03 names Côte d’Azur","Cannes","343","Virtuoso | Cannes","Conteúdo Global","Parceiros Globais","França","Cannes","ang_curated","141941","ce1a88b37f7154a96b559e092245e1160853317dc22cc3b7a106fe3d99fc463d","draft","1",""
"MATCH_HIERARCHICAL_REGION","MERGE_REVIEW","A|03","França","Côte d’Azur / Riviera","Cannes is within Côte d’Azur; lot A names Côte d’Azur and Riviera, lot 03 names Côte d’Azur","Cannes","344","Serandipians | Cannes","Conteúdo Global","Parceiros Globais","França","Cannes","ang_curated","141942","0e0e5c35f627c2ea90da73b340a22adb7bf7a708dc32a3f7faafd1917e5a3009","draft","1",""
"MATCH_HIERARCHICAL_REGION","MERGE_REVIEW","A|03","França","Côte d’Azur / Riviera","Cannes is within Côte d’Azur; lot A names Côte d’Azur and Riviera, lot 03 names Côte d’Azur","Cannes","345","Gastronomia Michelin | Cannes","Curadoria VIP","Gastronomia Michelin","França","Cannes","ang_curated","141943","b81b3daab939fcf01e8cd51bf55e234069c0a0dc08700f675676dad54e86f7cd","draft","1",""
"MATCH_HIERARCHICAL_REGION","MERGE_REVIEW","A|03","França","Côte d’Azur / Riviera","Cannes is within Côte d’Azur; lot A names Côte d’Azur and Riviera, lot 03 names Côte d’Azur","Cannes","346","Rooftops & Beach Clubs | Cannes","Curadoria VIP","Rooftops & Beach Clubs","França","Cannes","ang_curated","141944","03554570a623b04ece6f7e2644934a54a68339208faa48a83ab9b7b92dba4347","draft","1",""
"MATCH_HIERARCHICAL_REGION","MERGE_REVIEW","A|03","França","Côte d’Azur / Riviera","Cannes is within Côte d’Azur; lot A names Côte d’Azur and Riviera, lot 03 names Côte d’Azur","Cannes","347","Compras & Lifestyle | Cannes","Curadoria VIP","Compras & Lifestyle","França","Cannes","ang_curated","141945","4f63973b14612288b62bc511daad3b17003d8d2bdf146fc5f2788be56c80304e","draft","1",""
"MATCH_HIERARCHICAL_REGION","MERGE_REVIEW","A|03","França","Côte d’Azur / Riviera","Cannes is within Côte d’Azur; lot A names Côte d’Azur and Riviera, lot 03 names Côte d’Azur","Cannes","348","Wellness | Cannes","Curadoria VIP","Wellness","França","Cannes","ang_curated","141946","c3a47c343f2dc2dbe0c461be22a6a538b89c8317b5eb484c3304bac9ed0f5a3d","draft","1",""
"MATCH_HIERARCHICAL_REGION","MERGE_REVIEW","A|03","França","Côte d’Azur / Riviera","Cannes is within Côte d’Azur; lot A names Côte d’Azur and Riviera, lot 03 names Côte d’Azur","Cannes","349","Experiências VIP | Cannes","Curadoria VIP","Experiências VIP","França","Cannes","ang_curated","141947","65070e3d09030c6ae5bd7f18ffcc7d8487cef3a91371492f7bf7d9c972866a79","draft","1",""
"MATCH_HIERARCHICAL_REGION","MERGE_REVIEW","A|03","França","Côte d’Azur / Riviera","Cannes is within Côte d’Azur; lot A names Côte d’Azur and Riviera, lot 03 names Côte d’Azur","Cannes","350","Logística & Transporte | Cannes","Curadoria VIP","Logística & Transporte","França","Cannes","ang_curated","141948","e5fe81afc9cbfee316cca09db51c677d3b87cd84820b31ec2a75d70cb3a04116","draft","1",""
"MATCH_HIERARCHICAL_REGION","MERGE_REVIEW","A|03","França","Côte d’Azur / Riviera","Cannes is within Côte d’Azur; lot A names Côte d’Azur and Riviera, lot 03 names Côte d’Azur","Cannes","351","Salas VIP | Cannes","Curadoria VIP","Salas VIP","França","Cannes","ang_lounge","141949","22f02061c4ddf57733fdbf7599a29dd12a6d7ff0af7d22211aab6794585e4c3a","draft","1",""
"MATCH_HIERARCHICAL_REGION","MERGE_REVIEW","A|03","França","Côte d’Azur / Riviera","Cannes is within Côte d’Azur; lot A names Côte d’Azur and Riviera, lot 03 names Côte d’Azur","Cannes","352","Ski Collection | Cannes","Curadoria VIP","Ski Collection","França","Cannes","ang_curated","141950","9ff06905ce205da1044c939f6f9c2d72ae8b0b2846829325c9b5118fd265dcd6","draft","1",""
"MATCH_HIERARCHICAL_REGION","MERGE_REVIEW","A|03","França","Alps / Alpes","Courchevel is within the French Alps; lots A and 03 explicitly include Alps/Alpes","Courchevel","353","Destinos | Courchevel","Curadoria Global","Destinos","França","Courchevel","ang_curated","141951","782ffa91262e785d69b9e37ec636b9703d16ac9d198cad0736fef8e75443e63f","draft","1",""
"MATCH_HIERARCHICAL_REGION","MERGE_REVIEW","A|03","França","Alps / Alpes","Courchevel is within the French Alps; lots A and 03 explicitly include Alps/Alpes","Courchevel","354","Hotelaria Global | Courchevel","Curadoria Global","Hotelaria Global","França","Courchevel","ang_curated","141952","8d78744403e692fee726d4132d50662f00b5d714a851399fe7fbd461a0dd6205","draft","1",""
"MATCH_HIERARCHICAL_REGION","MERGE_REVIEW","A|03","França","Alps / Alpes","Courchevel is within the French Alps; lots A and 03 explicitly include Alps/Alpes","Courchevel","355","Experiências | Courchevel","Curadoria Global","Experiências","França","Courchevel","ang_curated","141953","d71f4a6d91a1bdf4f7a61038aac10bad1ca708882f57fe50131fc642b787fcb0","draft","1",""
"MATCH_HIERARCHICAL_REGION","MERGE_REVIEW","A|03","França","Alps / Alpes","Courchevel is within the French Alps; lots A and 03 explicitly include Alps/Alpes","Courchevel","356","Fornecedores | Courchevel","Curadoria Global","Fornecedores","França","Courchevel","ang_curated","141954","6f8eae21cacb2c047fa7966c006b08b190ec03ee5a5d2f086912791dc5df7723","draft","1",""
"MATCH_HIERARCHICAL_REGION","MERGE_REVIEW","A|03","França","Alps / Alpes","Courchevel is within the French Alps; lots A and 03 explicitly include Alps/Alpes","Courchevel","357","Sustentabilidade | Courchevel","Curadoria Global","Sustentabilidade","França","Courchevel","ang_curated","141955","d08ca5ed686a2160a840f3d2782be9b0c5e95215ff2b94d6d16c9ee9b5c2e630","draft","1",""
"MATCH_HIERARCHICAL_REGION","MERGE_REVIEW","A|03","França","Alps / Alpes","Courchevel is within the French Alps; lots A and 03 explicitly include Alps/Alpes","Courchevel","358","Four Seasons | Courchevel","Conteúdo Global","Parceiros Globais","França","Courchevel","ang_curated","141956","eee4ff82bc4a03c86db364a4cb72498ec41db612e4d70dbfe353b1d2fe883cfc","draft","1",""
"MATCH_HIERARCHICAL_REGION","MERGE_REVIEW","A|03","França","Alps / Alpes","Courchevel is within the French Alps; lots A and 03 explicitly include Alps/Alpes","Courchevel","359","Rosewood | Courchevel","Conteúdo Global","Parceiros Globais","França","Courchevel","ang_curated","141957","b75b38fc65ac98efdea43593aa79e58c15a882180b9c5666c57aceb09b1a638d","draft","1",""
"MATCH_HIERARCHICAL_REGION","MERGE_REVIEW","A|03","França","Alps / Alpes","Courchevel is within the French Alps; lots A and 03 explicitly include Alps/Alpes","Courchevel","360","Belmond | Courchevel","Conteúdo Global","Parceiros Globais","França","Courchevel","ang_curated","141958","d30459e06e6e15f4201a37fca91749cce3ae7ddb3de13c316d3ab12cc5cd4bff","draft","1",""
"MATCH_HIERARCHICAL_REGION","MERGE_REVIEW","A|03","França","Alps / Alpes","Courchevel is within the French Alps; lots A and 03 explicitly include Alps/Alpes","Courchevel","361","Aman | Courchevel","Conteúdo Global","Parceiros Globais","França","Courchevel","ang_curated","141959","f372f2634662ccc43eebd7b3250733c7b78d173e07cf9b6e8d367ff52a426ffc","draft","1",""
"MATCH_HIERARCHICAL_REGION","MERGE_REVIEW","A|03","França","Alps / Alpes","Courchevel is within the French Alps; lots A and 03 explicitly include Alps/Alpes","Courchevel","362","Six Senses | Courchevel","Conteúdo Global","Parceiros Globais","França","Courchevel","ang_curated","141960","41506cf2f11c086aadae51dd9a8b262131eac505d5a510dd3b9076cfe0f74ef6","draft","1",""
"MATCH_HIERARCHICAL_REGION","MERGE_REVIEW","A|03","França","Alps / Alpes","Courchevel is within the French Alps; lots A and 03 explicitly include Alps/Alpes","Courchevel","363","Relais & Châteaux | Courchevel","Conteúdo Global","Parceiros Globais","França","Courchevel","ang_curated","141961","e078d6760745741548e5e5c20a2fe8825a5241e4b9800f5a5281e56b614d2e67","draft","1",""
"MATCH_HIERARCHICAL_REGION","MERGE_REVIEW","A|03","França","Alps / Alpes","Courchevel is within the French Alps; lots A and 03 explicitly include Alps/Alpes","Courchevel","364","The Leading Hotels of the World | Courchevel","Conteúdo Global","Parceiros Globais","França","Courchevel","ang_curated","141962","f8ec6a02ee2a443804f7f96af053ffe94a8a83c724e389fe845b89301302a18d","draft","1",""
"MATCH_HIERARCHICAL_REGION","MERGE_REVIEW","A|03","França","Alps / Alpes","Courchevel is within the French Alps; lots A and 03 explicitly include Alps/Alpes","Courchevel","365","Small Luxury Hotels | Courchevel","Conteúdo Global","Parceiros Globais","França","Courchevel","ang_curated","141963","df03cc9f595b645a7b8ddda30baa19b670ffc0d4107da792306d9d0978395d4d","draft","1",""
"MATCH_HIERARCHICAL_REGION","MERGE_REVIEW","A|03","França","Alps / Alpes","Courchevel is within the French Alps; lots A and 03 explicitly include Alps/Alpes","Courchevel","366","Virtuoso | Courchevel","Conteúdo Global","Parceiros Globais","França","Courchevel","ang_curated","141964","4f892b3438eb2defd36d4e45bb62cba471b4020d6c6fb37f587b6825ed8e9170","draft","1",""
"MATCH_HIERARCHICAL_REGION","MERGE_REVIEW","A|03","França","Alps / Alpes","Courchevel is within the French Alps; lots A and 03 explicitly include Alps/Alpes","Courchevel","367","Serandipians | Courchevel","Conteúdo Global","Parceiros Globais","França","Courchevel","ang_curated","141965","bcf7708c277aae15697a62c8a903f60ec42fb37bc5bafb18ac3f850124fbf823","draft","1",""
"MATCH_HIERARCHICAL_REGION","MERGE_REVIEW","A|03","França","Alps / Alpes","Courchevel is within the French Alps; lots A and 03 explicitly include Alps/Alpes","Courchevel","368","Gastronomia Michelin | Courchevel","Curadoria VIP","Gastronomia Michelin","França","Courchevel","ang_curated","141966","6c1b15cef0159ebfa4b00487318bc181bdc490becf4e5c1cc1482fca9c1ddb9a","draft","1",""
"MATCH_HIERARCHICAL_REGION","MERGE_REVIEW","A|03","França","Alps / Alpes","Courchevel is within the French Alps; lots A and 03 explicitly include Alps/Alpes","Courchevel","369","Rooftops & Beach Clubs | Courchevel","Curadoria VIP","Rooftops & Beach Clubs","França","Courchevel","ang_curated","141967","3a1709509513817bf293593472b7d7a6606c8baa63cacdd3ced750ec81d773fa","draft","1",""
"MATCH_HIERARCHICAL_REGION","MERGE_REVIEW","A|03","França","Alps / Alpes","Courchevel is within the French Alps; lots A and 03 explicitly include Alps/Alpes","Courchevel","370","Compras & Lifestyle | Courchevel","Curadoria VIP","Compras & Lifestyle","França","Courchevel","ang_curated","141968","3ec9fa6814b0d53e03d9baccd1c9b7a1e5a1a5a420eba1bf0d5aaafbba804bb5","draft","1",""
"MATCH_HIERARCHICAL_REGION","MERGE_REVIEW","A|03","França","Alps / Alpes","Courchevel is within the French Alps; lots A and 03 explicitly include Alps/Alpes","Courchevel","371","Wellness | Courchevel","Curadoria VIP","Wellness","França","Courchevel","ang_curated","141969","1a131576d7d7f7748493aa05ff4c4ace6bd4deb20ee229afd934f9de13005c2c","draft","1",""
"MATCH_HIERARCHICAL_REGION","MERGE_REVIEW","A|03","França","Alps / Alpes","Courchevel is within the French Alps; lots A and 03 explicitly include Alps/Alpes","Courchevel","372","Experiências VIP | Courchevel","Curadoria VIP","Experiências VIP","França","Courchevel","ang_curated","141970","928a1d71e4daf6a1bca3eb55be5a0b0d1c8a206a8b126e17240437948d9bda51","draft","1",""
"MATCH_HIERARCHICAL_REGION","MERGE_REVIEW","A|03","França","Alps / Alpes","Courchevel is within the French Alps; lots A and 03 explicitly include Alps/Alpes","Courchevel","373","Logística & Transporte | Courchevel","Curadoria VIP","Logística & Transporte","França","Courchevel","ang_curated","141971","13e799f4e9ac7a90c2c49271ba08a0ecff61695207fdef96ec17925d39073eac","draft","1",""
"MATCH_HIERARCHICAL_REGION","MERGE_REVIEW","A|03","França","Alps / Alpes","Courchevel is within the French Alps; lots A and 03 explicitly include Alps/Alpes","Courchevel","374","Salas VIP | Courchevel","Curadoria VIP","Salas VIP","França","Courchevel","ang_lounge","141972","78203b8959befe89dfa278e3ef15b1957af8e7c7cf1ec66e42ce4156b8eb1542","draft","1",""
"MATCH_HIERARCHICAL_REGION","MERGE_REVIEW","A|03","França","Alps / Alpes","Courchevel is within the French Alps; lots A and 03 explicitly include Alps/Alpes","Courchevel","375","Ski Collection | Courchevel","Curadoria VIP","Ski Collection","França","Courchevel","ang_curated","141973","defd84ae468e7a4037d4e0f74f0b5caceeda097012b4287c154702c7458619a6","draft","1",""
"MATCH_HIERARCHICAL_REGION","MERGE_REVIEW","A|03","França","Alps / Alpes","Val d’Isère is within the French Alps; lots A and 03 explicitly include Alps/Alpes","Val d’Isère","376","Destinos | Val d’Isère","Curadoria Global","Destinos","França","Val d’Isère","ang_curated","141974","c5839be7c4f7915371ca8105857ecbfc2fe79ee81b15ec098f032c6718c249e1","draft","1",""
"MATCH_HIERARCHICAL_REGION","MERGE_REVIEW","A|03","França","Alps / Alpes","Val d’Isère is within the French Alps; lots A and 03 explicitly include Alps/Alpes","Val d’Isère","377","Hotelaria Global | Val d’Isère","Curadoria Global","Hotelaria Global","França","Val d’Isère","ang_curated","141975","29c2e6e951044a2bfc5972407cf75608ee8868c85d84415498a553604b6c3268","draft","1",""
"MATCH_HIERARCHICAL_REGION","MERGE_REVIEW","A|03","França","Alps / Alpes","Val d’Isère is within the French Alps; lots A and 03 explicitly include Alps/Alpes","Val d’Isère","378","Experiências | Val d’Isère","Curadoria Global","Experiências","França","Val d’Isère","ang_curated","141976","cbcbb78cd7b662ee3d0045cb24c2b177d14a0af167d36c5831eee05fa18b0ad9","draft","1",""
"MATCH_HIERARCHICAL_REGION","MERGE_REVIEW","A|03","França","Alps / Alpes","Val d’Isère is within the French Alps; lots A and 03 explicitly include Alps/Alpes","Val d’Isère","379","Fornecedores | Val d’Isère","Curadoria Global","Fornecedores","França","Val d’Isère","ang_curated","141977","928d618442ac5a9106640de8c7a4ae1feec4534633b9f546f967c4de5ab8ae74","draft","1",""
"MATCH_HIERARCHICAL_REGION","MERGE_REVIEW","A|03","França","Alps / Alpes","Val d’Isère is within the French Alps; lots A and 03 explicitly include Alps/Alpes","Val d’Isère","380","Sustentabilidade | Val d’Isère","Curadoria Global","Sustentabilidade","França","Val d’Isère","ang_curated","141978","eaa9978f5d020dff76589247d80bc8979deed4b00d0db2dfe052e605285a8b89","draft","1",""
"MATCH_HIERARCHICAL_REGION","MERGE_REVIEW","A|03","França","Alps / Alpes","Val d’Isère is within the French Alps; lots A and 03 explicitly include Alps/Alpes","Val d’Isère","381","Four Seasons | Val d’Isère","Conteúdo Global","Parceiros Globais","França","Val d’Isère","ang_curated","141979","fa4540692200b3deb0b36d0520ab42cfb257957e1e195387273ffac5508fd4b7","draft","1",""
"MATCH_HIERARCHICAL_REGION","MERGE_REVIEW","A|03","França","Alps / Alpes","Val d’Isère is within the French Alps; lots A and 03 explicitly include Alps/Alpes","Val d’Isère","382","Rosewood | Val d’Isère","Conteúdo Global","Parceiros Globais","França","Val d’Isère","ang_curated","141980","61c761623fce16e647f43f9ad3bf1d3d2765491a8c1778ecc52431d3ac090ac4","draft","1",""
"MATCH_HIERARCHICAL_REGION","MERGE_REVIEW","A|03","França","Alps / Alpes","Val d’Isère is within the French Alps; lots A and 03 explicitly include Alps/Alpes","Val d’Isère","383","Belmond | Val d’Isère","Conteúdo Global","Parceiros Globais","França","Val d’Isère","ang_curated","141981","33998e5aa7e60f116ed0c32fa9de8b28048635942dbd667d9a574e23eda2cfcd","draft","1",""
"MATCH_HIERARCHICAL_REGION","MERGE_REVIEW","A|03","França","Alps / Alpes","Val d’Isère is within the French Alps; lots A and 03 explicitly include Alps/Alpes","Val d’Isère","384","Aman | Val d’Isère","Conteúdo Global","Parceiros Globais","França","Val d’Isère","ang_curated","141982","f7356e5dd9ca1e02e44185fede6677b3309e3bd3bf0b7664369d410c5d2421fc","draft","1",""
"MATCH_HIERARCHICAL_REGION","MERGE_REVIEW","A|03","França","Alps / Alpes","Val d’Isère is within the French Alps; lots A and 03 explicitly include Alps/Alpes","Val d’Isère","385","Six Senses | Val d’Isère","Conteúdo Global","Parceiros Globais","França","Val d’Isère","ang_curated","141983","4f53cbd0b2e544d41d996a035ba933e42e57df98446a520517215e04be8bcda7","draft","1",""
"MATCH_HIERARCHICAL_REGION","MERGE_REVIEW","A|03","França","Alps / Alpes","Val d’Isère is within the French Alps; lots A and 03 explicitly include Alps/Alpes","Val d’Isère","386","Relais & Châteaux | Val d’Isère","Conteúdo Global","Parceiros Globais","França","Val d’Isère","ang_curated","141984","d0f99e550221bab2b91f550c0fcae5e208213adb039a1eef3c1029056ddbcaf4","draft","1",""
"MATCH_HIERARCHICAL_REGION","MERGE_REVIEW","A|03","França","Alps / Alpes","Val d’Isère is within the French Alps; lots A and 03 explicitly include Alps/Alpes","Val d’Isère","387","The Leading Hotels of the World | Val d’Isère","Conteúdo Global","Parceiros Globais","França","Val d’Isère","ang_curated","141985","9b1e3879d9abfa9e0a92eaeb90ff00ff84c05d66117900129c634de046ba4a0c","draft","1",""
"MATCH_HIERARCHICAL_REGION","MERGE_REVIEW","A|03","França","Alps / Alpes","Val d’Isère is within the French Alps; lots A and 03 explicitly include Alps/Alpes","Val d’Isère","388","Small Luxury Hotels | Val d’Isère","Conteúdo Global","Parceiros Globais","França","Val d’Isère","ang_curated","141986","3a8bdd475bbe0657009e6467439239611fa9e2a1379b793063e0417398deea0b","draft","1",""
"MATCH_HIERARCHICAL_REGION","MERGE_REVIEW","A|03","França","Alps / Alpes","Val d’Isère is within the French Alps; lots A and 03 explicitly include Alps/Alpes","Val d’Isère","389","Virtuoso | Val d’Isère","Conteúdo Global","Parceiros Globais","França","Val d’Isère","ang_curated","141987","cce8780bdc18e6a90ff7615f46f5e612996ff694a277e22a4cf31e46d7dd9af8","draft","1",""
"MATCH_HIERARCHICAL_REGION","MERGE_REVIEW","A|03","França","Alps / Alpes","Val d’Isère is within the French Alps; lots A and 03 explicitly include Alps/Alpes","Val d’Isère","390","Serandipians | Val d’Isère","Conteúdo Global","Parceiros Globais","França","Val d’Isère","ang_curated","141988","2ab950a4a8c1c5cf6211d5ae396b0e7db64b8ac7f02d7acaf89ad14385dee60d","draft","1",""
"MATCH_HIERARCHICAL_REGION","MERGE_REVIEW","A|03","França","Alps / Alpes","Val d’Isère is within the French Alps; lots A and 03 explicitly include Alps/Alpes","Val d’Isère","391","Gastronomia Michelin | Val d’Isère","Curadoria VIP","Gastronomia Michelin","França","Val d’Isère","ang_curated","141989","496eb5ef9705f5a5f5fe79bbd74695f2111052ba123f031898352aad6cfd178c","draft","1",""
"MATCH_HIERARCHICAL_REGION","MERGE_REVIEW","A|03","França","Alps / Alpes","Val d’Isère is within the French Alps; lots A and 03 explicitly include Alps/Alpes","Val d’Isère","392","Rooftops & Beach Clubs | Val d’Isère","Curadoria VIP","Rooftops & Beach Clubs","França","Val d’Isère","ang_curated","141990","141c9c9ef28f38e0601d4f6f33fde98934f966d5637ff53da823db1b78795b7b","draft","1",""
"MATCH_HIERARCHICAL_REGION","MERGE_REVIEW","A|03","França","Alps / Alpes","Val d’Isère is within the French Alps; lots A and 03 explicitly include Alps/Alpes","Val d’Isère","393","Compras & Lifestyle | Val d’Isère","Curadoria VIP","Compras & Lifestyle","França","Val d’Isère","ang_curated","141991","7e5a77f8641c5b62a2e32036f154ccedd231e6d120d1becc51110742133059a3","draft","1",""
"MATCH_HIERARCHICAL_REGION","MERGE_REVIEW","A|03","França","Alps / Alpes","Val d’Isère is within the French Alps; lots A and 03 explicitly include Alps/Alpes","Val d’Isère","394","Wellness | Val d’Isère","Curadoria VIP","Wellness","França","Val d’Isère","ang_curated","141992","e703a7b5b5bcb3bcf9a7a9f583bbb98efb9fd2c1e2a36a4e749c487529a72fbc","draft","1",""
"MATCH_HIERARCHICAL_REGION","MERGE_REVIEW","A|03","França","Alps / Alpes","Val d’Isère is within the French Alps; lots A and 03 explicitly include Alps/Alpes","Val d’Isère","395","Experiências VIP | Val d’Isère","Curadoria VIP","Experiências VIP","França","Val d’Isère","ang_curated","141993","2e5b77aca8c4b485774d687937501bd73d9f886ce3e0dcd869e5b5c5a89c0372","draft","1",""
"MATCH_HIERARCHICAL_REGION","MERGE_REVIEW","A|03","França","Alps / Alpes","Val d’Isère is within the French Alps; lots A and 03 explicitly include Alps/Alpes","Val d’Isère","396","Logística & Transporte | Val d’Isère","Curadoria VIP","Logística & Transporte","França","Val d’Isère","ang_curated","141994","b2a3c47e5accb1649cf18d51f0c8528086fab768b354f67365b7b8e0f4fb3499","draft","1",""
"MATCH_HIERARCHICAL_REGION","MERGE_REVIEW","A|03","França","Alps / Alpes","Val d’Isère is within the French Alps; lots A and 03 explicitly include Alps/Alpes","Val d’Isère","397","Salas VIP | Val d’Isère","Curadoria VIP","Salas VIP","França","Val d’Isère","ang_lounge","141995","c6f595acea1b043795c9d87bb4a39e61a00bf9bc1a03dc3a0f43f5b691f23d45","draft","1",""
"MATCH_HIERARCHICAL_REGION","MERGE_REVIEW","A|03","França","Alps / Alpes","Val d’Isère is within the French Alps; lots A and 03 explicitly include Alps/Alpes","Val d’Isère","398","Ski Collection | Val d’Isère","Curadoria VIP","Ski Collection","França","Val d’Isère","ang_curated","141996","507a4eb1720484a5cd0a37f172762fb1f0ebee889a1b91f50bf41c553452791a","draft","1",""
"MATCH_HIERARCHICAL_REGION","MERGE_REVIEW","A|03","Japão","Hokkaido","Niseko is within Hokkaido; lots A and 03 explicitly include Hokkaido","Niseko","698","Destinos | Niseko","Curadoria Global","Destinos","Japão","Niseko","ang_curated","142321","f0e59fafb2c0129285d1689428f3b42faf63c13a6b348ede1712327701bec711","draft","1",""
"MATCH_HIERARCHICAL_REGION","MERGE_REVIEW","A|03","Japão","Hokkaido","Niseko is within Hokkaido; lots A and 03 explicitly include Hokkaido","Niseko","699","Hotelaria Global | Niseko","Curadoria Global","Hotelaria Global","Japão","Niseko","ang_curated","142322","b5622e3bf2a60f8dd3f064708362d28bc845c9a3d6a95ed4be13592bd85a7cf0","draft","1",""
"MATCH_HIERARCHICAL_REGION","MERGE_REVIEW","A|03","Japão","Hokkaido","Niseko is within Hokkaido; lots A and 03 explicitly include Hokkaido","Niseko","700","Experiências | Niseko","Curadoria Global","Experiências","Japão","Niseko","ang_curated","142323","efbdb25e3fa4f24f007be5cf47083add5fb49240ff7125973fcb4e77071e2caf","draft","1",""
"MATCH_HIERARCHICAL_REGION","MERGE_REVIEW","A|03","Japão","Hokkaido","Niseko is within Hokkaido; lots A and 03 explicitly include Hokkaido","Niseko","701","Fornecedores | Niseko","Curadoria Global","Fornecedores","Japão","Niseko","ang_curated","142324","cb52df5f14e3945b96a0f6253131cac912be0e67902fb287d1ba7d895d669fef","draft","1",""
"MATCH_HIERARCHICAL_REGION","MERGE_REVIEW","A|03","Japão","Hokkaido","Niseko is within Hokkaido; lots A and 03 explicitly include Hokkaido","Niseko","702","Sustentabilidade | Niseko","Curadoria Global","Sustentabilidade","Japão","Niseko","ang_curated","142325","d99afc30c0401fc8264a2ea051913fa49966fe2c6816b8296f0922b3a8a60c26","draft","1",""
"MATCH_HIERARCHICAL_REGION","MERGE_REVIEW","A|03","Japão","Hokkaido","Niseko is within Hokkaido; lots A and 03 explicitly include Hokkaido","Niseko","703","Four Seasons | Niseko","Conteúdo Global","Parceiros Globais","Japão","Niseko","ang_curated","142326","ef6b9e14e979f2030bc4171e7e36a4ac7f792da7f9c00e53fde2d3ee2d926d49","draft","1",""
"MATCH_HIERARCHICAL_REGION","MERGE_REVIEW","A|03","Japão","Hokkaido","Niseko is within Hokkaido; lots A and 03 explicitly include Hokkaido","Niseko","704","Rosewood | Niseko","Conteúdo Global","Parceiros Globais","Japão","Niseko","ang_curated","142327","ac7eea77e4bdc9a67bdc00af2170974302cea2ad561aa2301c628af65fb4086c","draft","1",""
"MATCH_HIERARCHICAL_REGION","MERGE_REVIEW","A|03","Japão","Hokkaido","Niseko is within Hokkaido; lots A and 03 explicitly include Hokkaido","Niseko","705","Belmond | Niseko","Conteúdo Global","Parceiros Globais","Japão","Niseko","ang_curated","142328","c8505794c3518415f3c958059db09a217b826ec1b5bc1f0f09e6fe7c96e7f479","draft","1",""
"MATCH_HIERARCHICAL_REGION","MERGE_REVIEW","A|03","Japão","Hokkaido","Niseko is within Hokkaido; lots A and 03 explicitly include Hokkaido","Niseko","706","Aman | Niseko","Conteúdo Global","Parceiros Globais","Japão","Niseko","ang_curated","142329","d19cdb8caf604b9099af4e8baf02517b80a400a30443ec9b3ab3157cd0dc7789","draft","1",""
"MATCH_HIERARCHICAL_REGION","MERGE_REVIEW","A|03","Japão","Hokkaido","Niseko is within Hokkaido; lots A and 03 explicitly include Hokkaido","Niseko","707","Six Senses | Niseko","Conteúdo Global","Parceiros Globais","Japão","Niseko","ang_curated","142330","a1f38176e2d9d70414fbad32a13c26cb4b14a2ba6ec5ef510ca5a3c016e13958","draft","1",""
"MATCH_HIERARCHICAL_REGION","MERGE_REVIEW","A|03","Japão","Hokkaido","Niseko is within Hokkaido; lots A and 03 explicitly include Hokkaido","Niseko","708","Relais & Châteaux | Niseko","Conteúdo Global","Parceiros Globais","Japão","Niseko","ang_curated","142331","0d392f99ec383daf68403b5e9a62c3f82cafcc07c93ef8bb56e17a6cbed426f7","draft","1",""
"MATCH_HIERARCHICAL_REGION","MERGE_REVIEW","A|03","Japão","Hokkaido","Niseko is within Hokkaido; lots A and 03 explicitly include Hokkaido","Niseko","709","The Leading Hotels of the World | Niseko","Conteúdo Global","Parceiros Globais","Japão","Niseko","ang_curated","142332","a32d47adb2161ae8066cfc3123e950c4c23c9dbc0a161f118b782dabe2d19aba","draft","1",""
"MATCH_HIERARCHICAL_REGION","MERGE_REVIEW","A|03","Japão","Hokkaido","Niseko is within Hokkaido; lots A and 03 explicitly include Hokkaido","Niseko","710","Small Luxury Hotels | Niseko","Conteúdo Global","Parceiros Globais","Japão","Niseko","ang_curated","142333","285d76c05b8520ff11a726246829678040e05041953ea9fbcd6f697256fd8224","draft","1",""
"MATCH_HIERARCHICAL_REGION","MERGE_REVIEW","A|03","Japão","Hokkaido","Niseko is within Hokkaido; lots A and 03 explicitly include Hokkaido","Niseko","711","Virtuoso | Niseko","Conteúdo Global","Parceiros Globais","Japão","Niseko","ang_curated","142334","835dcd1f466add7bbb0d81a9e65e37ce48de19274bdf9116043338aba67b7a4b","draft","1",""
"MATCH_HIERARCHICAL_REGION","MERGE_REVIEW","A|03","Japão","Hokkaido","Niseko is within Hokkaido; lots A and 03 explicitly include Hokkaido","Niseko","712","Serandipians | Niseko","Conteúdo Global","Parceiros Globais","Japão","Niseko","ang_curated","142335","149470e1819e95b9ec19c29fdfe45fda997bb901b34f7f2193a46b77a0daf3ab","draft","1",""
"MATCH_HIERARCHICAL_REGION","MERGE_REVIEW","A|03","Japão","Hokkaido","Niseko is within Hokkaido; lots A and 03 explicitly include Hokkaido","Niseko","713","Gastronomia Michelin | Niseko","Curadoria VIP","Gastronomia Michelin","Japão","Niseko","ang_curated","142336","ead8b663c9e0295b6492283c09a4e02ac1b8d9ee1afcb34c8594eee2d83ef613","draft","1",""
"MATCH_HIERARCHICAL_REGION","MERGE_REVIEW","A|03","Japão","Hokkaido","Niseko is within Hokkaido; lots A and 03 explicitly include Hokkaido","Niseko","714","Rooftops & Beach Clubs | Niseko","Curadoria VIP","Rooftops & Beach Clubs","Japão","Niseko","ang_curated","142337","28efa5a0830654615e8beb18b4022ce5dc593b61b855edc8d416bd97a4b9bca0","draft","1",""
"MATCH_HIERARCHICAL_REGION","MERGE_REVIEW","A|03","Japão","Hokkaido","Niseko is within Hokkaido; lots A and 03 explicitly include Hokkaido","Niseko","715","Compras & Lifestyle | Niseko","Curadoria VIP","Compras & Lifestyle","Japão","Niseko","ang_curated","142338","5d637257298ca5724f5fd4fe0342bd71428676316654ea7733b0466dfa27a49f","draft","1",""
"MATCH_HIERARCHICAL_REGION","MERGE_REVIEW","A|03","Japão","Hokkaido","Niseko is within Hokkaido; lots A and 03 explicitly include Hokkaido","Niseko","716","Wellness | Niseko","Curadoria VIP","Wellness","Japão","Niseko","ang_curated","142339","21c072041adf70083d8b4408d8390565355642f0019a3162ed66b3f993267044","draft","1",""
"MATCH_HIERARCHICAL_REGION","MERGE_REVIEW","A|03","Japão","Hokkaido","Niseko is within Hokkaido; lots A and 03 explicitly include Hokkaido","Niseko","717","Experiências VIP | Niseko","Curadoria VIP","Experiências VIP","Japão","Niseko","ang_curated","142340","ac733cc4b331f73f32cbfbff0ced22672c6a4cfbbf9cdbc27cb3e1975d310600","draft","1",""
"MATCH_HIERARCHICAL_REGION","MERGE_REVIEW","A|03","Japão","Hokkaido","Niseko is within Hokkaido; lots A and 03 explicitly include Hokkaido","Niseko","718","Logística & Transporte | Niseko","Curadoria VIP","Logística & Transporte","Japão","Niseko","ang_curated","142341","913692fedfe3448dbf97aae75d73905b914c350e829701bfac79bd6de0bfbb1e","draft","1",""
"MATCH_HIERARCHICAL_REGION","MERGE_REVIEW","A|03","Japão","Hokkaido","Niseko is within Hokkaido; lots A and 03 explicitly include Hokkaido","Niseko","719","Salas VIP | Niseko","Curadoria VIP","Salas VIP","Japão","Niseko","ang_lounge","142342","73c3407564aa95248f7df2d4a834d86e7c03ccf9cb43142340705759f1f7af29","draft","1",""
"MATCH_HIERARCHICAL_REGION","MERGE_REVIEW","A|03","Japão","Hokkaido","Niseko is within Hokkaido; lots A and 03 explicitly include Hokkaido","Niseko","720","Ski Collection | Niseko","Curadoria VIP","Ski Collection","Japão","Niseko","ang_curated","142343","192c78387cf421483447e414659fb74b47a4fb22804e1dd0578b6aa67387b03e","draft","1",""
"MATCH_HIERARCHICAL_REGION","MERGE_REVIEW","03","Maldivas","atóis/resorts por perfil","Baa Atoll is an atoll; lot 03 explicitly covers atolls/resorts by profile","Baa Atoll","859","Destinos | Baa Atoll","Curadoria Global","Destinos","Maldivas","Baa Atoll","ang_curated","142482","d4b5f8e1660fa5b81a6760e0c90689985901962772ba5021ab3d7b00e1a94186","draft","1",""
"MATCH_HIERARCHICAL_REGION","MERGE_REVIEW","03","Maldivas","atóis/resorts por perfil","Baa Atoll is an atoll; lot 03 explicitly covers atolls/resorts by profile","Baa Atoll","860","Hotelaria Global | Baa Atoll","Curadoria Global","Hotelaria Global","Maldivas","Baa Atoll","ang_curated","142483","6b5470bd01f31d4f678fd86034b07563f8c05ae212ea74d74034b3b80df03a93","draft","1",""
"MATCH_HIERARCHICAL_REGION","MERGE_REVIEW","03","Maldivas","atóis/resorts por perfil","Baa Atoll is an atoll; lot 03 explicitly covers atolls/resorts by profile","Baa Atoll","861","Experiências | Baa Atoll","Curadoria Global","Experiências","Maldivas","Baa Atoll","ang_curated","142484","8374a368e6b67bdb3c33e9c5f8ebc9363de3ab3a2a2afa3f451f1b0fdc384fb7","draft","1",""
"MATCH_HIERARCHICAL_REGION","MERGE_REVIEW","03","Maldivas","atóis/resorts por perfil","Baa Atoll is an atoll; lot 03 explicitly covers atolls/resorts by profile","Baa Atoll","862","Fornecedores | Baa Atoll","Curadoria Global","Fornecedores","Maldivas","Baa Atoll","ang_curated","142485","fb27e170b0df02f24c0f308d9bcf59f50c76275745b62702199809f9373d3124","draft","1",""
"MATCH_HIERARCHICAL_REGION","MERGE_REVIEW","03","Maldivas","atóis/resorts por perfil","Baa Atoll is an atoll; lot 03 explicitly covers atolls/resorts by profile","Baa Atoll","863","Sustentabilidade | Baa Atoll","Curadoria Global","Sustentabilidade","Maldivas","Baa Atoll","ang_curated","142486","cd1d52af5e33bc82a485868fff5fc13ee4831a1e0d64aa1dff9e91f0bdf4398e","draft","1",""
"MATCH_HIERARCHICAL_REGION","MERGE_REVIEW","03","Maldivas","atóis/resorts por perfil","Baa Atoll is an atoll; lot 03 explicitly covers atolls/resorts by profile","Baa Atoll","864","Four Seasons | Baa Atoll","Conteúdo Global","Parceiros Globais","Maldivas","Baa Atoll","ang_curated","142487","c938f0d72b082765da5551c40fb83bfed1cf86ecb4768b27f62af930f0da9b05","draft","1",""
"MATCH_HIERARCHICAL_REGION","MERGE_REVIEW","03","Maldivas","atóis/resorts por perfil","Baa Atoll is an atoll; lot 03 explicitly covers atolls/resorts by profile","Baa Atoll","865","Rosewood | Baa Atoll","Conteúdo Global","Parceiros Globais","Maldivas","Baa Atoll","ang_curated","142488","5b9b48ba205aa5f8868144ca071c8ac7d94ffafd49991bdbb4844fe9c62878ed","draft","1",""
"MATCH_HIERARCHICAL_REGION","MERGE_REVIEW","03","Maldivas","atóis/resorts por perfil","Baa Atoll is an atoll; lot 03 explicitly covers atolls/resorts by profile","Baa Atoll","866","Belmond | Baa Atoll","Conteúdo Global","Parceiros Globais","Maldivas","Baa Atoll","ang_curated","142489","e743bbfcedad26973896480dfe5fa890e38b11b710827bc4f891e88cfc93c3e7","draft","1",""
"MATCH_HIERARCHICAL_REGION","MERGE_REVIEW","03","Maldivas","atóis/resorts por perfil","Baa Atoll is an atoll; lot 03 explicitly covers atolls/resorts by profile","Baa Atoll","867","Aman | Baa Atoll","Conteúdo Global","Parceiros Globais","Maldivas","Baa Atoll","ang_curated","142490","f725f1781ddd609b9313220da01d4c5ec478f90222e6fb8b903d99c52de68b52","draft","1",""
"MATCH_HIERARCHICAL_REGION","MERGE_REVIEW","03","Maldivas","atóis/resorts por perfil","Baa Atoll is an atoll; lot 03 explicitly covers atolls/resorts by profile","Baa Atoll","868","Six Senses | Baa Atoll","Conteúdo Global","Parceiros Globais","Maldivas","Baa Atoll","ang_curated","142491","e06f7c9435deec8c1d06de85602610cd7ed4802b61820d68f9db4df88d5de2d5","draft","1",""
"MATCH_HIERARCHICAL_REGION","MERGE_REVIEW","03","Maldivas","atóis/resorts por perfil","Baa Atoll is an atoll; lot 03 explicitly covers atolls/resorts by profile","Baa Atoll","869","Relais & Châteaux | Baa Atoll","Conteúdo Global","Parceiros Globais","Maldivas","Baa Atoll","ang_curated","142492","9e40f76fe50681209991d7bbce1b2cc7c601c2d645bcdd2a6b035ee532f3566e","draft","1",""
"MATCH_HIERARCHICAL_REGION","MERGE_REVIEW","03","Maldivas","atóis/resorts por perfil","Baa Atoll is an atoll; lot 03 explicitly covers atolls/resorts by profile","Baa Atoll","870","The Leading Hotels of the World | Baa Atoll","Conteúdo Global","Parceiros Globais","Maldivas","Baa Atoll","ang_curated","142493","8e43c332855f1fcef24602148cd77beca201c5fd63c1a3d6db1d6f2eed280fa8","draft","1",""
"MATCH_HIERARCHICAL_REGION","MERGE_REVIEW","03","Maldivas","atóis/resorts por perfil","Baa Atoll is an atoll; lot 03 explicitly covers atolls/resorts by profile","Baa Atoll","871","Small Luxury Hotels | Baa Atoll","Conteúdo Global","Parceiros Globais","Maldivas","Baa Atoll","ang_curated","142494","101866e42e5613596b538505ba751f1d74f42a425223c9040aa6beec59ca3e80","draft","1",""
"MATCH_HIERARCHICAL_REGION","MERGE_REVIEW","03","Maldivas","atóis/resorts por perfil","Baa Atoll is an atoll; lot 03 explicitly covers atolls/resorts by profile","Baa Atoll","872","Virtuoso | Baa Atoll","Conteúdo Global","Parceiros Globais","Maldivas","Baa Atoll","ang_curated","142495","67a2360b81526d3f8c250de478dd26ffbbea8c7815eaba1fd97129ef43cabd9e","draft","1",""
"MATCH_HIERARCHICAL_REGION","MERGE_REVIEW","03","Maldivas","atóis/resorts por perfil","Baa Atoll is an atoll; lot 03 explicitly covers atolls/resorts by profile","Baa Atoll","873","Serandipians | Baa Atoll","Conteúdo Global","Parceiros Globais","Maldivas","Baa Atoll","ang_curated","142496","23ad880abeadf8a8fe09a2af71ce617394f5171fc90591f65b2fc4c02007b166","draft","1",""
"MATCH_HIERARCHICAL_REGION","MERGE_REVIEW","03","Maldivas","atóis/resorts por perfil","Baa Atoll is an atoll; lot 03 explicitly covers atolls/resorts by profile","Baa Atoll","874","Gastronomia Michelin | Baa Atoll","Curadoria VIP","Gastronomia Michelin","Maldivas","Baa Atoll","ang_curated","142497","40f274e92e09ceffb7395a674e99f02bbc9b193be7a410221b443896bfa00010","draft","1",""
"MATCH_HIERARCHICAL_REGION","MERGE_REVIEW","03","Maldivas","atóis/resorts por perfil","Baa Atoll is an atoll; lot 03 explicitly covers atolls/resorts by profile","Baa Atoll","875","Rooftops & Beach Clubs | Baa Atoll","Curadoria VIP","Rooftops & Beach Clubs","Maldivas","Baa Atoll","ang_curated","142498","eaa8f3f11c84676537e777b6ab8a0251030c3df04535482f2d45461e76c552f9","draft","1",""
"MATCH_HIERARCHICAL_REGION","MERGE_REVIEW","03","Maldivas","atóis/resorts por perfil","Baa Atoll is an atoll; lot 03 explicitly covers atolls/resorts by profile","Baa Atoll","876","Compras & Lifestyle | Baa Atoll","Curadoria VIP","Compras & Lifestyle","Maldivas","Baa Atoll","ang_curated","142499","1ee9ce5292d7794c9f95c275a1df1543666ce7dc52e60c9f62e90e8aca5ee606","draft","1",""
"MATCH_HIERARCHICAL_REGION","MERGE_REVIEW","03","Maldivas","atóis/resorts por perfil","Baa Atoll is an atoll; lot 03 explicitly covers atolls/resorts by profile","Baa Atoll","877","Wellness | Baa Atoll","Curadoria VIP","Wellness","Maldivas","Baa Atoll","ang_curated","142500","4a515dd188b5ca40628faea834d027b9511cfa45785c4e5102030e40e48dcd28","draft","1",""
"MATCH_HIERARCHICAL_REGION","MERGE_REVIEW","03","Maldivas","atóis/resorts por perfil","Baa Atoll is an atoll; lot 03 explicitly covers atolls/resorts by profile","Baa Atoll","878","Experiências VIP | Baa Atoll","Curadoria VIP","Experiências VIP","Maldivas","Baa Atoll","ang_curated","142501","71a9335adbf1df11f7a1ab57a040bfaee31f50542cbd448e269714be40262f27","draft","1",""
"MATCH_HIERARCHICAL_REGION","MERGE_REVIEW","03","Maldivas","atóis/resorts por perfil","Baa Atoll is an atoll; lot 03 explicitly covers atolls/resorts by profile","Baa Atoll","879","Logística & Transporte | Baa Atoll","Curadoria VIP","Logística & Transporte","Maldivas","Baa Atoll","ang_curated","142502","de74a9f7888f6e576bee69aeea8e0b994c66cb143c08c2a0558cbbb9460e3783","draft","1",""
"MATCH_HIERARCHICAL_REGION","MERGE_REVIEW","03","Maldivas","atóis/resorts por perfil","Baa Atoll is an atoll; lot 03 explicitly covers atolls/resorts by profile","Baa Atoll","880","Salas VIP | Baa Atoll","Curadoria VIP","Salas VIP","Maldivas","Baa Atoll","ang_lounge","142503","78e1ff0ff9f468c6d29926469a2427c78641227e2a29ace91fddaae350bdb1a3","draft","1",""
"MATCH_HIERARCHICAL_REGION","MERGE_REVIEW","03","Maldivas","atóis/resorts por perfil","Baa Atoll is an atoll; lot 03 explicitly covers atolls/resorts by profile","Baa Atoll","881","Ski Collection | Baa Atoll","Curadoria VIP","Ski Collection","Maldivas","Baa Atoll","ang_curated","142504","4d00d31bf91a4b2ec4c6c03f1795af1316ce2ecebea0fd31d904958bc6f2a092","draft","1",""
