match_status,action,lot_batches,lot_country,lot_destination,canonical_country,canonical_city,source_index,title,section,category,expected_post_type,post_id,external_id,wp_status
MATCH_EXACT_COUNTRY_CITY,MERGE_REVIEW,A|03,FRANÇA,Paris,França,Paris,307,Destinos | Paris,Curadoria Global,Destinos,ang_curated,141905,cb5bb2a498644135176249c3b5279f9f9fe9e6d254083286c861d1602491f39e,draft
MATCH_EXACT_COUNTRY_CITY,MERGE_REVIEW,A|03,FRANÇA,Paris,França,Paris,308,Hotelaria Global | Paris,Curadoria Global,Hotelaria Global,ang_curated,141906,f19b5e6929e436f6766805ce709542d1a726e70a85308d5230683d0007eb7f16,draft
MATCH_EXACT_COUNTRY_CITY,MERGE_REVIEW,A|03,FRANÇA,Paris,França,Paris,309,Experiências | Paris,Curadoria Global,Experiências,ang_curated,141907,f73368557bd6a63427aceada19fdf87a246c1a69bbfa0f7fe2ea2c369d1dda5f,draft
MATCH_EXACT_COUNTRY_CITY,MERGE_REVIEW,A|03,FRANÇA,Paris,França,Paris,310,Fornecedores | Paris,Curadoria Global,Fornecedores,ang_curated,141908,176a39a508b3ec9a126ec5a140c84e78caeacd9b6a576cbfc594a7ed93e82fdd,draft
MATCH_EXACT_COUNTRY_CITY,MERGE_REVIEW,A|03,FRANÇA,Paris,França,Paris,311,Sustentabilidade | Paris,Curadoria Global,Sustentabilidade,ang_curated,141909,86f69dc262b6aad122d73a42b54476182f7f76a1ff0d09e6264b2f9dc229907c,draft
MATCH_EXACT_COUNTRY_CITY,MERGE_REVIEW,A|03,FRANÇA,Paris,França,Paris,312,Four Seasons | Paris,Conteúdo Global,Parceiros Globais,ang_curated,141910,6d1bf4f52f24a5a4e90c0a965c315518c21ce61529b94716b8875a4949599d65,draft
MATCH_EXACT_COUNTRY_CITY,MERGE_REVIEW,A|03,FRANÇA,Paris,França,Paris,313,Rosewood | Paris,Conteúdo Global,Parceiros Globais,ang_curated,141911,4e30763867c3053358f90bd49513c631a7ddbac81abba1a3ab483ed066ea462a,draft
MATCH_EXACT_COUNTRY_CITY,MERGE_REVIEW,A|03,FRANÇA,Paris,França,Paris,314,Belmond | Paris,Conteúdo Global,Parceiros Globais,ang_curated,141912,512faa5af74b462ee48e819bb4c6a264400f9ecb41ed1a5dcb25b7baf50df1b5,draft
MATCH_EXACT_COUNTRY_CITY,MERGE_REVIEW,A|03,FRANÇA,Paris,França,Paris,315,Aman | Paris,Conteúdo Global,Parceiros Globais,ang_curated,141913,be4bb07db6a20d8187307eb07e10a79e9a5a9d6d8b9b02cdf8166f8f4a34162e,draft
MATCH_EXACT_COUNTRY_CITY,MERGE_REVIEW,A|03,FRANÇA,Paris,França,Paris,316,Six Senses | Paris,Conteúdo Global,Parceiros Globais,ang_curated,141914,4b1e9886731cd344bee865f0c3714953e822cf87bba1e8ab3980130e83596b2a,draft
MATCH_EXACT_COUNTRY_CITY,MERGE_REVIEW,A|03,FRANÇA,Paris,França,Paris,317,Relais & Châteaux | Paris,Conteúdo Global,Parceiros Globais,ang_curated,141915,dac13cf95758069384ed2d71a88248d58ff5ce2f4a172df39895fb907427cc53,draft
MATCH_EXACT_COUNTRY_CITY,MERGE_REVIEW,A|03,FRANÇA,Paris,França,Paris,318,The Leading Hotels of the World | Paris,Conteúdo Global,Parceiros Globais,ang_curated,141916,35b47751e8b3d2a0ff08b821017caf1bc4b7ab5b4cce8d015d121642c5d87256,draft
MATCH_EXACT_COUNTRY_CITY,MERGE_REVIEW,A|03,FRANÇA,Paris,França,Paris,319,Small Luxury Hotels | Paris,Conteúdo Global,Parceiros Globais,ang_curated,141917,076dc09ba524d77fcc26695467e611f05a669f9c281200058f41e65daacb1e07,draft
MATCH_EXACT_COUNTRY_CITY,MERGE_REVIEW,A|03,FRANÇA,Paris,França,Paris,320,Virtuoso | Paris,Conteúdo Global,Parceiros Globais,ang_curated,141918,b6dfbb67d0ee30317af114f0bbb18931c329d2a0a4437b97a8c29a96a00abb8b,draft
MATCH_EXACT_COUNTRY_CITY,MERGE_REVIEW,A|03,FRANÇA,Paris,França,Paris,321,Serandipians | Paris,Conteúdo Global,Parceiros Globais,ang_curated,141919,a350b2235f99f134c11eba2d8080e943fd3a37ae9a7f7019c0af13b1c9f66264,draft
MATCH_EXACT_COUNTRY_CITY,MERGE_REVIEW,A|03,FRANÇA,Paris,França,Paris,322,Gastronomia Michelin | Paris,Curadoria VIP,Gastronomia Michelin,ang_curated,141920,647741db4d6413cb4f728b754df0e7fa641e82d5890f942c8105b737f7f1b93f,draft
MATCH_EXACT_COUNTRY_CITY,MERGE_REVIEW,A|03,FRANÇA,Paris,França,Paris,323,Rooftops & Beach Clubs | Paris,Curadoria VIP,Rooftops & Beach Clubs,ang_curated,141921,aaa41e58f747a4f0d9aa1cf42011ad2ae4d4c255f61b92235fefcdf0a4af1df7,draft
MATCH_EXACT_COUNTRY_CITY,MERGE_REVIEW,A|03,FRANÇA,Paris,França,Paris,324,Compras & Lifestyle | Paris,Curadoria VIP,Compras & Lifestyle,ang_curated,141922,07308337c8baf93741194705fb88bd467f721357808771c5fd6b378390aadc0f,draft
MATCH_EXACT_COUNTRY_CITY,MERGE_REVIEW,A|03,FRANÇA,Paris,França,Paris,325,Wellness | Paris,Curadoria VIP,Wellness,ang_curated,141923,eb1c1b5cd5d4eca718fc7ab1aec028399c1ffbdf3e67b6d75d153269eb3fd75f,draft
MATCH_EXACT_COUNTRY_CITY,MERGE_REVIEW,A|03,FRANÇA,Paris,França,Paris,326,Experiências VIP | Paris,Curadoria VIP,Experiências VIP,ang_curated,141924,0e7484e95570b16a1c70d00906a7e8f6f4e853b6380a86d6b7e5a4bb794a3fe2,draft
MATCH_EXACT_COUNTRY_CITY,MERGE_REVIEW,A|03,FRANÇA,Paris,França,Paris,327,Logística & Transporte | Paris,Curadoria VIP,Logística & Transporte,ang_curated,141925,d55ab194c16bc6a152581eef6796c96342227a9c7bd12478087840b2c93563ab,draft
MATCH_EXACT_COUNTRY_CITY,MERGE_REVIEW,A|03,FRANÇA,Paris,França,Paris,328,Salas VIP | Paris,Curadoria VIP,Salas VIP,ang_lounge,141926,a5f5b0fb64605786315621decc8840f186fbeb3c7f5ccd93edcb7de58cb9db17,draft
MATCH_EXACT_COUNTRY_CITY,MERGE_REVIEW,A|03,FRANÇA,Paris,França,Paris,329,Ski Collection | Paris,Curadoria VIP,Ski Collection,ang_curated,141927,34f4e9e382f5730d1332a42d927c7a350167f285df5bd270e5575f4ec6c8ca24,draft
MATCH_EXACT_COUNTRY_CITY,MERGE_REVIEW,03,ITÁLIA,Roma,Itália,Roma,399,Destinos | Roma,Curadoria Global,Destinos,ang_curated,141997,ead474e18c1b5d018e08d1cb1fa76ae0fafede514e1c04cead1f6cee67d90467,draft
MATCH_EXACT_COUNTRY_CITY,MERGE_REVIEW,03,ITÁLIA,Roma,Itália,Roma,400,Hotelaria Global | Roma,Curadoria Global,Hotelaria Global,ang_curated,141998,8b3574a00a5468790750b6337d2d5b7bda048dcdc28df15bd668399c571ce7c6,draft
MATCH_EXACT_COUNTRY_CITY,MERGE_REVIEW,03,ITÁLIA,Roma,Itália,Roma,401,Experiências | Roma,Curadoria Global,Experiências,ang_curated,141999,6fb88f9523b93ee2cabf0e81e4e09e021827ee994dc8901688e8a736cf40f2af,draft
MATCH_EXACT_COUNTRY_CITY,MERGE_REVIEW,03,ITÁLIA,Roma,Itália,Roma,402,Fornecedores | Roma,Curadoria Global,Fornecedores,ang_curated,142000,af2d3bd04823af70a5482600845daf14adc54d4d36f526b6c35e4d90707e3585,draft
MATCH_EXACT_COUNTRY_CITY,MERGE_REVIEW,03,ITÁLIA,Roma,Itália,Roma,403,Sustentabilidade | Roma,Curadoria Global,Sustentabilidade,ang_curated,142001,8cec3dc625bd6d2e7d8b913feaebc149506ce6420064832019a6b614f96e446f,draft
MATCH_EXACT_COUNTRY_CITY,MERGE_REVIEW,03,ITÁLIA,Roma,Itália,Roma,404,Four Seasons | Roma,Conteúdo Global,Parceiros Globais,ang_curated,142002,9ab7527b729739843d0ab97b8751b8db0cfcaada3f9f8c484865309783032337,draft
MATCH_EXACT_COUNTRY_CITY,MERGE_REVIEW,03,ITÁLIA,Roma,Itália,Roma,405,Rosewood | Roma,Conteúdo Global,Parceiros Globais,ang_curated,142003,cfd9c9f58f2ebda64952306e28c3c5a68ecbf07f92273c27c555daea7eccda2c,draft
MATCH_EXACT_COUNTRY_CITY,MERGE_REVIEW,03,ITÁLIA,Roma,Itália,Roma,406,Belmond | Roma,Conteúdo Global,Parceiros Globais,ang_curated,142004,94b93dba6cd299b5c1512752cd36c96594c69ed5338864d9dcaf4aa699d68c39,draft
MATCH_EXACT_COUNTRY_CITY,MERGE_REVIEW,03,ITÁLIA,Roma,Itália,Roma,407,Aman | Roma,Conteúdo Global,Parceiros Globais,ang_curated,142005,cf7b811450ba527ab3aa1a2e984e3e30c1bd4eccae5ecb22bec4b016aab0e0a2,draft
MATCH_EXACT_COUNTRY_CITY,MERGE_REVIEW,03,ITÁLIA,Roma,Itália,Roma,408,Six Senses | Roma,Conteúdo Global,Parceiros Globais,ang_curated,142006,35eb6f36cc9eea0f4921218088c39a38ba3907f92a95fd8b39811ab06912a993,draft
MATCH_EXACT_COUNTRY_CITY,MERGE_REVIEW,03,ITÁLIA,Roma,Itália,Roma,409,Relais & Châteaux | Roma,Conteúdo Global,Parceiros Globais,ang_curated,142007,85994e4395b0fa8b638d85bf71c2a6f3ab12d51cf4ca9e1dc46eeca4bb3cc032,draft
MATCH_EXACT_COUNTRY_CITY,MERGE_REVIEW,03,ITÁLIA,Roma,Itália,Roma,410,The Leading Hotels of the World | Roma,Conteúdo Global,Parceiros Globais,ang_curated,142008,b42b003f18b1ba24af6311b41352016ac465830b3d0884d5551bc27a14b58a3b,draft
MATCH_EXACT_COUNTRY_CITY,MERGE_REVIEW,03,ITÁLIA,Roma,Itália,Roma,411,Small Luxury Hotels | Roma,Conteúdo Global,Parceiros Globais,ang_curated,142009,b243c9aabe1607ebc580fbf7f268682677f1adba4e97c47fe9d9264568d337db,draft
MATCH_EXACT_COUNTRY_CITY,MERGE_REVIEW,03,ITÁLIA,Roma,Itália,Roma,412,Virtuoso | Roma,Conteúdo Global,Parceiros Globais,ang_curated,142010,9163f6aa1aec2a9f0afed6a18dc8e3ea18851bfae91d62199aaa170dd2392e8a,draft
MATCH_EXACT_COUNTRY_CITY,MERGE_REVIEW,03,ITÁLIA,Roma,Itália,Roma,413,Serandipians | Roma,Conteúdo Global,Parceiros Globais,ang_curated,142011,27989791213efe73f72c8975df995bfc23abeb21af94e7f3da60bebaedb15761,draft
MATCH_EXACT_COUNTRY_CITY,MERGE_REVIEW,03,ITÁLIA,Roma,Itália,Roma,414,Gastronomia Michelin | Roma,Curadoria VIP,Gastronomia Michelin,ang_curated,142012,55a33498d753d04481b11d0a52ea1506cc00e6df9d867e6414796552a83b3f03,draft
MATCH_EXACT_COUNTRY_CITY,MERGE_REVIEW,03,ITÁLIA,Roma,Itália,Roma,415,Rooftops & Beach Clubs | Roma,Curadoria VIP,Rooftops & Beach Clubs,ang_curated,142013,c3e368923d2b3583b0a30ec822cd37ea02448631e8475815cbf7a97a7a70c939,draft
MATCH_EXACT_COUNTRY_CITY,MERGE_REVIEW,03,ITÁLIA,Roma,Itália,Roma,416,Compras & Lifestyle | Roma,Curadoria VIP,Compras & Lifestyle,ang_curated,142014,531db1afe5d57789b391b7a769eac559f30c51bd7bc4b590d945490b1729aeb8,draft
MATCH_EXACT_COUNTRY_CITY,MERGE_REVIEW,03,ITÁLIA,Roma,Itália,Roma,417,Wellness | Roma,Curadoria VIP,Wellness,ang_curated,142015,74f2d4ad67c516dcda59faf4395b75c895e272986ad6825bbcf201fccb1af949,draft
MATCH_EXACT_COUNTRY_CITY,MERGE_REVIEW,03,ITÁLIA,Roma,Itália,Roma,418,Experiências VIP | Roma,Curadoria VIP,Experiências VIP,ang_curated,142016,79bd68fb7c46119f5526ecd48e421b3164eac5f502b8febfc0641b7433db3659,draft
MATCH_EXACT_COUNTRY_CITY,MERGE_REVIEW,03,ITÁLIA,Roma,Itália,Roma,419,Logística & Transporte | Roma,Curadoria VIP,Logística & Transporte,ang_curated,142017,5b2ede866b2eab7952c205c13ed3101ecb43b139c0afc59f94c577b3198789bd,draft
MATCH_EXACT_COUNTRY_CITY,MERGE_REVIEW,03,ITÁLIA,Roma,Itália,Roma,420,Salas VIP | Roma,Curadoria VIP,Salas VIP,ang_lounge,142018,209179e9acc8d15d77c98e8cccf91ea78cf3e8849f016656bb14f73a89d39cbd,draft
MATCH_EXACT_COUNTRY_CITY,MERGE_REVIEW,03,ITÁLIA,Roma,Itália,Roma,421,Ski Collection | Roma,Curadoria VIP,Ski Collection,ang_curated,142019,d02575e3223fa751568a6f3bd61f1e7b8e3549a50b8aaa1020daa6f219f5357e,draft
MATCH_EXACT_COUNTRY_CITY,MERGE_REVIEW,03,ITÁLIA,Milão,Itália,Milão,422,Destinos | Milão,Curadoria Global,Destinos,ang_curated,142020,c23a01b6439e5d27d4b57429057c9252d928039dc7ecd03521365245e06fcb3b,draft
MATCH_EXACT_COUNTRY_CITY,MERGE_REVIEW,03,ITÁLIA,Milão,Itália,Milão,423,Hotelaria Global | Milão,Curadoria Global,Hotelaria Global,ang_curated,142021,9e8b7c9f4ffd75e835da8e84de4a5c9f280f4191da5bc6ea50b95e08db7d7582,draft
MATCH_EXACT_COUNTRY_CITY,MERGE_REVIEW,03,ITÁLIA,Milão,Itália,Milão,424,Experiências | Milão,Curadoria Global,Experiências,ang_curated,142022,8a2e9a3616aa808f0ad1885a5ebff8477e1eabcf93ea370c0a25be2528486324,draft
MATCH_EXACT_COUNTRY_CITY,MERGE_REVIEW,03,ITÁLIA,Milão,Itália,Milão,425,Fornecedores | Milão,Curadoria Global,Fornecedores,ang_curated,142023,d05cbc41d849bcb1e172cbcd384e653097b55a4d3fd600dad83a669f9d04db56,draft
MATCH_EXACT_COUNTRY_CITY,MERGE_REVIEW,03,ITÁLIA,Milão,Itália,Milão,426,Sustentabilidade | Milão,Curadoria Global,Sustentabilidade,ang_curated,142024,38bddc03da9a54a30c1b84061b0f89a9ead7cf41ec10923eb2130a78670cfc1d,draft
MATCH_EXACT_COUNTRY_CITY,MERGE_REVIEW,03,ITÁLIA,Milão,Itália,Milão,427,Four Seasons | Milão,Conteúdo Global,Parceiros Globais,ang_curated,142025,6a434b1432545294bcb276338715e9c639160476dd0bff7f684a0f92602be050,draft
MATCH_EXACT_COUNTRY_CITY,MERGE_REVIEW,03,ITÁLIA,Milão,Itália,Milão,428,Rosewood | Milão,Conteúdo Global,Parceiros Globais,ang_curated,142026,a58881045ce7bd1b52793ec729f1910363b55bcfe2cddbc21113717ddedef0f3,draft
MATCH_EXACT_COUNTRY_CITY,MERGE_REVIEW,03,ITÁLIA,Milão,Itália,Milão,429,Belmond | Milão,Conteúdo Global,Parceiros Globais,ang_curated,142027,c1b39b9d792b6bb643c1a49d334313482f82a0902bd0bc0aff01840bb9fcec3e,draft
MATCH_EXACT_COUNTRY_CITY,MERGE_REVIEW,03,ITÁLIA,Milão,Itália,Milão,430,Aman | Milão,Conteúdo Global,Parceiros Globais,ang_curated,142028,577dac529f251f8a0d5cadaf60cafaf5ee2cdb1026fe20779d1fd711a8bff6de,draft
MATCH_EXACT_COUNTRY_CITY,MERGE_REVIEW,03,ITÁLIA,Milão,Itália,Milão,431,Six Senses | Milão,Conteúdo Global,Parceiros Globais,ang_curated,142029,5081fd97d9598a66bd455bddd7dcec42b06612f2182abf7a9c8f941dc0be6ca8,draft
MATCH_EXACT_COUNTRY_CITY,MERGE_REVIEW,03,ITÁLIA,Milão,Itália,Milão,432,Relais & Châteaux | Milão,Conteúdo Global,Parceiros Globais,ang_curated,142030,3539e9056f4b64bd6edbfaa929f5bc4e7c8c38d62bc6d22cf4fa07674fd13e1e,draft
MATCH_EXACT_COUNTRY_CITY,MERGE_REVIEW,03,ITÁLIA,Milão,Itália,Milão,433,The Leading Hotels of the World | Milão,Conteúdo Global,Parceiros Globais,ang_curated,142031,8f410d02cb7dd2e452eec8625afef8ceed5b4f0f6e4bd9f7a4e91a7b5c89fdf7,draft
MATCH_EXACT_COUNTRY_CITY,MERGE_REVIEW,03,ITÁLIA,Milão,Itália,Milão,434,Small Luxury Hotels | Milão,Conteúdo Global,Parceiros Globais,ang_curated,142032,4b45dd44a5b78c86be27316a7adf3f1bdbe30743eb92e5d3715700fa179abbbf,draft
MATCH_EXACT_COUNTRY_CITY,MERGE_REVIEW,03,ITÁLIA,Milão,Itália,Milão,435,Virtuoso | Milão,Conteúdo Global,Parceiros Globais,ang_curated,142033,7ba413aeb058ae442a3c20a8cf557b8cb66e6a7ebdf8345411e8b3e76a7b845b,draft
MATCH_EXACT_COUNTRY_CITY,MERGE_REVIEW,03,ITÁLIA,Milão,Itália,Milão,436,Serandipians | Milão,Conteúdo Global,Parceiros Globais,ang_curated,142034,736b2f989719126f2abdda26836b3c66c8de3e2548512f27024727eb3ab71366,draft
MATCH_EXACT_COUNTRY_CITY,MERGE_REVIEW,03,ITÁLIA,Milão,Itália,Milão,437,Gastronomia Michelin | Milão,Curadoria VIP,Gastronomia Michelin,ang_curated,142035,ea3013e10939b19dc8bb7774209fd91e9bb6bea0e8d07bd3c81b2015fc74bbfb,draft
MATCH_EXACT_COUNTRY_CITY,MERGE_REVIEW,03,ITÁLIA,Milão,Itália,Milão,438,Rooftops & Beach Clubs | Milão,Curadoria VIP,Rooftops & Beach Clubs,ang_curated,142036,0a3cc7911e1b02d9c1fea505c63c06367ce9b38715b53337b2541b61f121a00a,draft
MATCH_EXACT_COUNTRY_CITY,MERGE_REVIEW,03,ITÁLIA,Milão,Itália,Milão,439,Compras & Lifestyle | Milão,Curadoria VIP,Compras & Lifestyle,ang_curated,142037,7545e4bf222c8f1facf04b98fb004da19bd044107a2dde5e4978b356e55652de,draft
MATCH_EXACT_COUNTRY_CITY,MERGE_REVIEW,03,ITÁLIA,Milão,Itália,Milão,440,Wellness | Milão,Curadoria VIP,Wellness,ang_curated,142038,c7c8c7f6058d6af4bf9d58352479033075134b64d5c73fb1ba93b1580a79a34e,draft
MATCH_EXACT_COUNTRY_CITY,MERGE_REVIEW,03,ITÁLIA,Milão,Itália,Milão,441,Experiências VIP | Milão,Curadoria VIP,Experiências VIP,ang_curated,142039,bab5fd1e6f5f4bb6d0cd6ccf82e8891797c074c5cf5abbf8cff74a147aaf81fe,draft
MATCH_EXACT_COUNTRY_CITY,MERGE_REVIEW,03,ITÁLIA,Milão,Itália,Milão,442,Logística & Transporte | Milão,Curadoria VIP,Logística & Transporte,ang_curated,142040,f03e6db3fbd1e5ee235c69a5fdb0240f09f3f880742a48914fb198372b63b368,draft
MATCH_EXACT_COUNTRY_CITY,MERGE_REVIEW,03,ITÁLIA,Milão,Itália,Milão,443,Salas VIP | Milão,Curadoria VIP,Salas VIP,ang_lounge,142041,3f0c9fed970a6e228119bb42cac2f816d02ac7c79d5be7310a49fbb6997e12e2,draft
MATCH_EXACT_COUNTRY_CITY,MERGE_REVIEW,03,ITÁLIA,Milão,Itália,Milão,444,Ski Collection | Milão,Curadoria VIP,Ski Collection,ang_curated,142042,ee2b4ce5a5e47acf8dce38de0da64ecc072bd2f83e216d62f4ef9fcc4b1c298c,draft
MATCH_EXACT_COUNTRY_CITY,MERGE_REVIEW,03,ITÁLIA,Veneza,Itália,Veneza,445,Destinos | Veneza,Curadoria Global,Destinos,ang_curated,142043,e8df83a01349fbff5b9c3eaac048f31b0bda029d4cd4d49b00169f25bbf71344,draft
MATCH_EXACT_COUNTRY_CITY,MERGE_REVIEW,03,ITÁLIA,Veneza,Itália,Veneza,446,Hotelaria Global | Veneza,Curadoria Global,Hotelaria Global,ang_curated,142044,b3bf0bd390e71a9e269e0c8f0a1c959cdc7e3bd58a7740e559b8a60fe0333245,draft
MATCH_EXACT_COUNTRY_CITY,MERGE_REVIEW,03,ITÁLIA,Veneza,Itália,Veneza,447,Experiências | Veneza,Curadoria Global,Experiências,ang_curated,142045,1b9cd33eb12b59b213a22d87a8b6a9b346126aacf1e3d26496bb34cb0788742c,draft
MATCH_EXACT_COUNTRY_CITY,MERGE_REVIEW,03,ITÁLIA,Veneza,Itália,Veneza,448,Fornecedores | Veneza,Curadoria Global,Fornecedores,ang_curated,142046,87a5eb4d1bbbd03592bec8ce4043ff6ff0f091e0e46bd23cbb0a1b1611185870,draft
MATCH_EXACT_COUNTRY_CITY,MERGE_REVIEW,03,ITÁLIA,Veneza,Itália,Veneza,449,Sustentabilidade | Veneza,Curadoria Global,Sustentabilidade,ang_curated,142047,fa3d1b6ecb360390843f9d95580695be17bf7b6fd77ad0b80ea4751577710658,draft
MATCH_EXACT_COUNTRY_CITY,MERGE_REVIEW,03,ITÁLIA,Veneza,Itália,Veneza,450,Four Seasons | Veneza,Conteúdo Global,Parceiros Globais,ang_curated,142048,79f5ae8e5cd43d8262b228f98a04a954cae96a1eba13a1e16c73a647b50125cd,draft
MATCH_EXACT_COUNTRY_CITY,MERGE_REVIEW,03,ITÁLIA,Veneza,Itália,Veneza,451,Rosewood | Veneza,Conteúdo Global,Parceiros Globais,ang_curated,142049,ec4eeab853c8898712501fa3f325588ad7d9073a4cc3bcc09d94276bb96c2d54,draft
MATCH_EXACT_COUNTRY_CITY,MERGE_REVIEW,03,ITÁLIA,Veneza,Itália,Veneza,452,Belmond | Veneza,Conteúdo Global,Parceiros Globais,ang_curated,142050,7917a88bdd58bd0592118897ff178bd4be97966f513e9a3a8209ea56754dcb88,draft
MATCH_EXACT_COUNTRY_CITY,MERGE_REVIEW,03,ITÁLIA,Veneza,Itália,Veneza,453,Aman | Veneza,Conteúdo Global,Parceiros Globais,ang_curated,142051,2040cd756114d2effb1e5f1166600227039fa10507d918d1a8ee10dc3c952145,draft
MATCH_EXACT_COUNTRY_CITY,MERGE_REVIEW,03,ITÁLIA,Veneza,Itália,Veneza,454,Six Senses | Veneza,Conteúdo Global,Parceiros Globais,ang_curated,142052,c7afdb5b474f752a774c96ff6c0c1e597d9cfd4d08f010bf04112a4ff16d7892,draft
MATCH_EXACT_COUNTRY_CITY,MERGE_REVIEW,03,ITÁLIA,Veneza,Itália,Veneza,455,Relais & Châteaux | Veneza,Conteúdo Global,Parceiros Globais,ang_curated,142053,3cd5dbb9eaf52727fd75c2a8355da6321ee0b8c2d58112e6b5d7d01c8a8a8d93,draft
MATCH_EXACT_COUNTRY_CITY,MERGE_REVIEW,03,ITÁLIA,Veneza,Itália,Veneza,456,The Leading Hotels of the World | Veneza,Conteúdo Global,Parceiros Globais,ang_curated,142054,8758960f51342c04ebdd31dc2d3569151d4a7b84f0e3b61bf5c9fd8c0397dc22,draft
MATCH_EXACT_COUNTRY_CITY,MERGE_REVIEW,03,ITÁLIA,Veneza,Itália,Veneza,457,Small Luxury Hotels | Veneza,Conteúdo Global,Parceiros Globais,ang_curated,142055,0b484986e590f22519f7ca82cd6fa0b2d2be8c8690fdf22d70a846c964666457,draft
MATCH_EXACT_COUNTRY_CITY,MERGE_REVIEW,03,ITÁLIA,Veneza,Itália,Veneza,458,Virtuoso | Veneza,Conteúdo Global,Parceiros Globais,ang_curated,142056,404bf18d94774634ccbf9b7b73aa4dcadc12d9f5ef803145dda4641ebbc1b9c2,draft
MATCH_EXACT_COUNTRY_CITY,MERGE_REVIEW,03,ITÁLIA,Veneza,Itália,Veneza,459,Serandipians | Veneza,Conteúdo Global,Parceiros Globais,ang_curated,142057,3b1c3cb685b7f1f70ab06de6e9256e44093fa7ed7e1a4606183c12b2f7dae0f9,draft
MATCH_EXACT_COUNTRY_CITY,MERGE_REVIEW,03,ITÁLIA,Veneza,Itália,Veneza,460,Gastronomia Michelin | Veneza,Curadoria VIP,Gastronomia Michelin,ang_curated,142058,d5e1fdbb635c346ae3b82f48150eb45c7773fc7b866d542c0470e0653ef23869,draft
MATCH_EXACT_COUNTRY_CITY,MERGE_REVIEW,03,ITÁLIA,Veneza,Itália,Veneza,461,Rooftops & Beach Clubs | Veneza,Curadoria VIP,Rooftops & Beach Clubs,ang_curated,142059,5e3846c14c32f2312f1ad79852452986bf513d0e4793aa38e3ce7b79c783cad7,draft
MATCH_EXACT_COUNTRY_CITY,MERGE_REVIEW,03,ITÁLIA,Veneza,Itália,Veneza,462,Compras & Lifestyle | Veneza,Curadoria VIP,Compras & Lifestyle,ang_curated,142060,c8f56e6e03a162aea5a920121cbb688da36ca84fc83a82516734bad37e75024b,draft
MATCH_EXACT_COUNTRY_CITY,MERGE_REVIEW,03,ITÁLIA,Veneza,Itália,Veneza,463,Wellness | Veneza,Curadoria VIP,Wellness,ang_curated,142061,5bca62c888d5da7dc7e4ed64d2173a24a8658b2fdcf0f36d152443eb3da3b1e6,draft
MATCH_EXACT_COUNTRY_CITY,MERGE_REVIEW,03,ITÁLIA,Veneza,Itália,Veneza,464,Experiências VIP | Veneza,Curadoria VIP,Experiências VIP,ang_curated,142062,806553207163c4e9a2d6dd23d3ab41e6b56d14f9bef80152d700e74334071c81,draft
MATCH_EXACT_COUNTRY_CITY,MERGE_REVIEW,03,ITÁLIA,Veneza,Itália,Veneza,465,Logística & Transporte | Veneza,Curadoria VIP,Logística & Transporte,ang_curated,142063,943550bf9d8cb526e7f990f0be43d746116b1f01b61ab4ff8bfe6e281482ad01,draft
MATCH_EXACT_COUNTRY_CITY,MERGE_REVIEW,03,ITÁLIA,Veneza,Itália,Veneza,466,Salas VIP | Veneza,Curadoria VIP,Salas VIP,ang_lounge,142064,87b33f0838bdda03d733e5f07267c0578de04c156d9ad2b3ad1416df0dad9e52,draft
MATCH_EXACT_COUNTRY_CITY,MERGE_REVIEW,03,ITÁLIA,Veneza,Itália,Veneza,467,Ski Collection | Veneza,Curadoria VIP,Ski Collection,ang_curated,142065,7c3b3a674424eb002e897bc3035b49e115dfb25019e26955a5db8625e9b9896e,draft
MATCH_EXACT_COUNTRY_CITY,MERGE_REVIEW,03,ITÁLIA,Florença,Itália,Florença,468,Destinos | Florença,Curadoria Global,Destinos,ang_curated,142066,24d09eecef5f82a5008f4003e9d68a4e6a9233b37fbe9d1c31809a2a315592c7,draft
MATCH_EXACT_COUNTRY_CITY,MERGE_REVIEW,03,ITÁLIA,Florença,Itália,Florença,469,Hotelaria Global | Florença,Curadoria Global,Hotelaria Global,ang_curated,142067,4c41ae7816d62a4d3e59332185928d193d0992220805f14594e95d5405424b41,draft
MATCH_EXACT_COUNTRY_CITY,MERGE_REVIEW,03,ITÁLIA,Florença,Itália,Florença,470,Experiências | Florença,Curadoria Global,Experiências,ang_curated,142068,6aba1bfe32c2cd7712d31c387c223a79e615ed0ddec9b4787437d632e297c23c,draft
MATCH_EXACT_COUNTRY_CITY,MERGE_REVIEW,03,ITÁLIA,Florença,Itália,Florença,471,Fornecedores | Florença,Curadoria Global,Fornecedores,ang_curated,142069,d21fddac2a4475a2d6da40fa9e126474fc8350b8813b245877bbf00b58a1c1a9,draft
MATCH_EXACT_COUNTRY_CITY,MERGE_REVIEW,03,ITÁLIA,Florença,Itália,Florença,472,Sustentabilidade | Florença,Curadoria Global,Sustentabilidade,ang_curated,142070,b8b4ae0adf21dd1b2623d3aff33739564806b76e75392bb53d176de3d17b4dec,draft
MATCH_EXACT_COUNTRY_CITY,MERGE_REVIEW,03,ITÁLIA,Florença,Itália,Florença,473,Four Seasons | Florença,Conteúdo Global,Parceiros Globais,ang_curated,142071,1d08e8eb58692d502837e7008464e51496320e6cb1a29610b6a4ae2b9eb690aa,draft
MATCH_EXACT_COUNTRY_CITY,MERGE_REVIEW,03,ITÁLIA,Florença,Itália,Florença,474,Rosewood | Florença,Conteúdo Global,Parceiros Globais,ang_curated,142072,78e2a31b65f8653ac06c612795b781af49e4302868e8cfa087a8231e4d2d84b6,draft
MATCH_EXACT_COUNTRY_CITY,MERGE_REVIEW,03,ITÁLIA,Florença,Itália,Florença,475,Belmond | Florença,Conteúdo Global,Parceiros Globais,ang_curated,142073,1511d14e38844d1d9d4b45d154cb8d8471b4f0b3bfac4fe2e2cf0ec42493294d,draft
MATCH_EXACT_COUNTRY_CITY,MERGE_REVIEW,03,ITÁLIA,Florença,Itália,Florença,476,Aman | Florença,Conteúdo Global,Parceiros Globais,ang_curated,142074,a087cf93e1a75545ea2aae7f1a8093093dc6f1b1e5dbd1959405f1aeb47c155a,draft
MATCH_EXACT_COUNTRY_CITY,MERGE_REVIEW,03,ITÁLIA,Florença,Itália,Florença,477,Six Senses | Florença,Conteúdo Global,Parceiros Globais,ang_curated,142075,e52bc3d5ef5ddc7c8ec70b50856c4963482e73e9751b048fa8903fca26948056,draft
MATCH_EXACT_COUNTRY_CITY,MERGE_REVIEW,03,ITÁLIA,Florença,Itália,Florença,478,Relais & Châteaux | Florença,Conteúdo Global,Parceiros Globais,ang_curated,142076,8661c9f5c8583b9f8aeef73789d8fed6e7fbc476ada7f70d43242dc322bfd4b8,draft
MATCH_EXACT_COUNTRY_CITY,MERGE_REVIEW,03,ITÁLIA,Florença,Itália,Florença,479,The Leading Hotels of the World | Florença,Conteúdo Global,Parceiros Globais,ang_curated,142077,1787f2bc3a31fe21fda34be9670cf6bca19b7bac47a00547cb976a050d5188c1,draft
MATCH_EXACT_COUNTRY_CITY,MERGE_REVIEW,03,ITÁLIA,Florença,Itália,Florença,480,Small Luxury Hotels | Florença,Conteúdo Global,Parceiros Globais,ang_curated,142078,a114f6775e7287f5a723cfe09257af6828e2934c6c54a6ea78b6b692ca868a28,draft
MATCH_EXACT_COUNTRY_CITY,MERGE_REVIEW,03,ITÁLIA,Florença,Itália,Florença,481,Virtuoso | Florença,Conteúdo Global,Parceiros Globais,ang_curated,142079,a580b73398d70795201202f09da621d74ab59bbc1e361222cc7273e208293008,draft
MATCH_EXACT_COUNTRY_CITY,MERGE_REVIEW,03,ITÁLIA,Florença,Itália,Florença,482,Serandipians | Florença,Conteúdo Global,Parceiros Globais,ang_curated,142080,6129edd30f9b5278c05bc7afb08c35b01089c7c4ec14c3e2f4ce3a4652d313bb,draft
MATCH_EXACT_COUNTRY_CITY,MERGE_REVIEW,03,ITÁLIA,Florença,Itália,Florença,483,Gastronomia Michelin | Florença,Curadoria VIP,Gastronomia Michelin,ang_curated,142081,0281478f28ab902a68431a69ae5166281ecf8a8f21dbefbe83015314d691ed0a,draft
MATCH_EXACT_COUNTRY_CITY,MERGE_REVIEW,03,ITÁLIA,Florença,Itália,Florença,484,Rooftops & Beach Clubs | Florença,Curadoria VIP,Rooftops & Beach Clubs,ang_curated,142082,6669611338730e615083f3632895f4474cba5b042654aa4a2c701055f7ac2901,draft
MATCH_EXACT_COUNTRY_CITY,MERGE_REVIEW,03,ITÁLIA,Florença,Itália,Florença,485,Compras & Lifestyle | Florença,Curadoria VIP,Compras & Lifestyle,ang_curated,142083,0642499320379e0a9475c20dcd1dc9e768d0496f3b2a1fa0b2787ab95c0cd6fe,draft
MATCH_EXACT_COUNTRY_CITY,MERGE_REVIEW,03,ITÁLIA,Florença,Itália,Florença,486,Wellness | Florença,Curadoria VIP,Wellness,ang_curated,142084,7511f9eec7af9722bb6faaf4e556e7bece3e9998c5a36a3487397d8f5cba4dee,draft
MATCH_EXACT_COUNTRY_CITY,MERGE_REVIEW,03,ITÁLIA,Florença,Itália,Florença,487,Experiências VIP | Florença,Curadoria VIP,Experiências VIP,ang_curated,142085,3a4b8f1ac80b314d0bbc648b070ac1a4cc5376fb6a8d3584cba48fdb4cc175b8,draft
MATCH_EXACT_COUNTRY_CITY,MERGE_REVIEW,03,ITÁLIA,Florença,Itália,Florença,488,Logística & Transporte | Florença,Curadoria VIP,Logística & Transporte,ang_curated,142086,bcfc638fe7bf645180f34e00ad56bde69bbd56affaf1879688947dad609be832,draft
MATCH_EXACT_COUNTRY_CITY,MERGE_REVIEW,03,ITÁLIA,Florença,Itália,Florença,489,Salas VIP | Florença,Curadoria VIP,Salas VIP,ang_lounge,142087,861d3713a0c4b865f8a49d77f9b0ffd5a245f2f8da93d3ee4a16d0ccc717162f,draft
MATCH_EXACT_COUNTRY_CITY,MERGE_REVIEW,03,ITÁLIA,Florença,Itália,Florença,490,Ski Collection | Florença,Curadoria VIP,Ski Collection,ang_curated,142088,145766f74db01a24ba504b30ea90ae11b7d64387433f404a842a57fdea391551,draft
MATCH_EXACT_COUNTRY_CITY,MERGE_REVIEW,03,ITÁLIA,Costa Amalfitana,Itália,Costa Amalfitana,491,Destinos | Costa Amalfitana,Curadoria Global,Destinos,ang_curated,142089,0f3bfd1e722df79001f5f71556519e9fc1674177a9f5a8a131487c1849784bfe,draft
MATCH_EXACT_COUNTRY_CITY,MERGE_REVIEW,03,ITÁLIA,Costa Amalfitana,Itália,Costa Amalfitana,492,Hotelaria Global | Costa Amalfitana,Curadoria Global,Hotelaria Global,ang_curated,142090,69377cc7e3736cd34fe2f04da53ccfb2741113fdbf98ede6953222723cc52e2e,draft
MATCH_EXACT_COUNTRY_CITY,MERGE_REVIEW,03,ITÁLIA,Costa Amalfitana,Itália,Costa Amalfitana,493,Experiências | Costa Amalfitana,Curadoria Global,Experiências,ang_curated,142091,7e35bd11d73889edcc63bc2eef2ca7704099273caabf1054c44f438cbc600933,draft
MATCH_EXACT_COUNTRY_CITY,MERGE_REVIEW,03,ITÁLIA,Costa Amalfitana,Itália,Costa Amalfitana,494,Fornecedores | Costa Amalfitana,Curadoria Global,Fornecedores,ang_curated,142092,f4037c6fe0d06e4f29713d247fac309ae48481075df65ff1a69536fb32d251b3,draft
MATCH_EXACT_COUNTRY_CITY,MERGE_REVIEW,03,ITÁLIA,Costa Amalfitana,Itália,Costa Amalfitana,495,Sustentabilidade | Costa Amalfitana,Curadoria Global,Sustentabilidade,ang_curated,142093,3fd7e7610930d72c8e5b9fba2cdd94112f48d593cbd6f0433ee98fd897492f77,draft
MATCH_EXACT_COUNTRY_CITY,MERGE_REVIEW,03,ITÁLIA,Costa Amalfitana,Itália,Costa Amalfitana,496,Four Seasons | Costa Amalfitana,Conteúdo Global,Parceiros Globais,ang_curated,142094,e89d76d1994c7199ec1a4a3670b346bd0cb474ec79d359f5ca64f9eca4f6787a,draft
MATCH_EXACT_COUNTRY_CITY,MERGE_REVIEW,03,ITÁLIA,Costa Amalfitana,Itália,Costa Amalfitana,497,Rosewood | Costa Amalfitana,Conteúdo Global,Parceiros Globais,ang_curated,142095,1653e12234403f9db83f17b4cbb9185b244d491741207a2d678d32b08eae6d10,draft
MATCH_EXACT_COUNTRY_CITY,MERGE_REVIEW,03,ITÁLIA,Costa Amalfitana,Itália,Costa Amalfitana,498,Belmond | Costa Amalfitana,Conteúdo Global,Parceiros Globais,ang_curated,142096,67d215f26767b40b50ef44e09888d1a2255f96b75ec8ec86950f210e5a3498c0,draft
MATCH_EXACT_COUNTRY_CITY,MERGE_REVIEW,03,ITÁLIA,Costa Amalfitana,Itália,Costa Amalfitana,499,Aman | Costa Amalfitana,Conteúdo Global,Parceiros Globais,ang_curated,142097,42507e30e3ac4db6db7e42cc60aaef7a84838196a76a7344b2469e61667393bf,draft
MATCH_EXACT_COUNTRY_CITY,MERGE_REVIEW,03,ITÁLIA,Costa Amalfitana,Itália,Costa Amalfitana,500,Six Senses | Costa Amalfitana,Conteúdo Global,Parceiros Globais,ang_curated,142098,627c605c5d4fa01e67b566e411b072e71e3c3af4611516c2a55a49fc2033b84c,draft
MATCH_EXACT_COUNTRY_CITY,MERGE_REVIEW,03,ITÁLIA,Costa Amalfitana,Itália,Costa Amalfitana,501,Relais & Châteaux | Costa Amalfitana,Conteúdo Global,Parceiros Globais,ang_curated,142099,a9c8be503cfe158f5e5718d1be1bb64ded2b08c2ff7a650f22e0141a998c5083,draft
MATCH_EXACT_COUNTRY_CITY,MERGE_REVIEW,03,ITÁLIA,Costa Amalfitana,Itália,Costa Amalfitana,502,The Leading Hotels of the World | Costa Amalfitana,Conteúdo Global,Parceiros Globais,ang_curated,142100,ae96216fd729b38cf8dfb2546f2cb2ea92378f934bd6de5c9c75f0e8abbce59c,draft
MATCH_EXACT_COUNTRY_CITY,MERGE_REVIEW,03,ITÁLIA,Costa Amalfitana,Itália,Costa Amalfitana,503,Small Luxury Hotels | Costa Amalfitana,Conteúdo Global,Parceiros Globais,ang_curated,142101,1d6cde6f55002b7909193912add7bb09973b8b040878866252c4e32b49ad6bac,draft
MATCH_EXACT_COUNTRY_CITY,MERGE_REVIEW,03,ITÁLIA,Costa Amalfitana,Itália,Costa Amalfitana,504,Virtuoso | Costa Amalfitana,Conteúdo Global,Parceiros Globais,ang_curated,142102,0815d9eb72a963431308b44955e765bcba3bbe7841a9f281a87cb7a9e4c44c73,draft
MATCH_EXACT_COUNTRY_CITY,MERGE_REVIEW,03,ITÁLIA,Costa Amalfitana,Itália,Costa Amalfitana,505,Serandipians | Costa Amalfitana,Conteúdo Global,Parceiros Globais,ang_curated,142103,c5c713365c9ba5566a46ca748d3d17da0d7c847ffdd0aff8bb12bfc047bc86d4,draft
MATCH_EXACT_COUNTRY_CITY,MERGE_REVIEW,03,ITÁLIA,Costa Amalfitana,Itália,Costa Amalfitana,506,Gastronomia Michelin | Costa Amalfitana,Curadoria VIP,Gastronomia Michelin,ang_curated,142104,c8b9ee192e72c6ae5febd1002ae2889c0ca31be6e2c72c5528f42a27fb6c5aa9,draft
MATCH_EXACT_COUNTRY_CITY,MERGE_REVIEW,03,ITÁLIA,Costa Amalfitana,Itália,Costa Amalfitana,507,Rooftops & Beach Clubs | Costa Amalfitana,Curadoria VIP,Rooftops & Beach Clubs,ang_curated,142106,c242f846083b70b3491d888d545717455469b41f79b4525fd0ed5c5140401ace,draft
MATCH_EXACT_COUNTRY_CITY,MERGE_REVIEW,03,ITÁLIA,Costa Amalfitana,Itália,Costa Amalfitana,508,Compras & Lifestyle | Costa Amalfitana,Curadoria VIP,Compras & Lifestyle,ang_curated,142108,1b4b975819e771305737dce45895b5d103128b7d65855ac680c7f436658d160e,draft
MATCH_EXACT_COUNTRY_CITY,MERGE_REVIEW,03,ITÁLIA,Costa Amalfitana,Itália,Costa Amalfitana,509,Wellness | Costa Amalfitana,Curadoria VIP,Wellness,ang_curated,142111,ace53616f1adce155498498d965a5a137c9efc9ed60a651c1f4efbb89ba89001,draft
MATCH_EXACT_COUNTRY_CITY,MERGE_REVIEW,03,ITÁLIA,Costa Amalfitana,Itália,Costa Amalfitana,510,Experiências VIP | Costa Amalfitana,Curadoria VIP,Experiências VIP,ang_curated,142113,fdcfed7b55cc48b6b1335f4e762d9c735683b6e2b7ecd206bcbd08c9969351aa,draft
MATCH_EXACT_COUNTRY_CITY,MERGE_REVIEW,03,ITÁLIA,Costa Amalfitana,Itália,Costa Amalfitana,511,Logística & Transporte | Costa Amalfitana,Curadoria VIP,Logística & Transporte,ang_curated,142115,510e5a95af1009e543d6272916f24684399132f07185520dbd4a8e90a56e7e3f,draft
MATCH_EXACT_COUNTRY_CITY,MERGE_REVIEW,03,ITÁLIA,Costa Amalfitana,Itália,Costa Amalfitana,512,Salas VIP | Costa Amalfitana,Curadoria VIP,Salas VIP,ang_lounge,142118,5e219e6deb443ddff514bfedd552740f4b584a9935e87167658613c598152674,draft
MATCH_EXACT_COUNTRY_CITY,MERGE_REVIEW,03,ITÁLIA,Costa Amalfitana,Itália,Costa Amalfitana,513,Ski Collection | Costa Amalfitana,Curadoria VIP,Ski Collection,ang_curated,142120,aeb0e1bd117270c3d8b8d197a5b172af72738409ff95f33bddb40afd0d4ba45d,draft
MATCH_EXACT_COUNTRY_CITY,MERGE_REVIEW,A,PORTUGAL,Lisboa,Portugal,Lisboa,514,Destinos | Lisboa,Curadoria Global,Destinos,ang_curated,142122,c4e79ed8381c79e6365fcd3482fb96872069d22f6c21ea166522386fa10ec558,draft
MATCH_EXACT_COUNTRY_CITY,MERGE_REVIEW,A,PORTUGAL,Lisboa,Portugal,Lisboa,515,Hotelaria Global | Lisboa,Curadoria Global,Hotelaria Global,ang_curated,142126,4034203b12c2f216cc5afe2d2dd8a9e740012793b1e9e5eb91861201f8ad307c,draft
MATCH_EXACT_COUNTRY_CITY,MERGE_REVIEW,A,PORTUGAL,Lisboa,Portugal,Lisboa,516,Experiências | Lisboa,Curadoria Global,Experiências,ang_curated,142128,9f4207255334582fc469aee4be8fe5fb3123e906525f1abb635586aef83bd01a,draft
MATCH_EXACT_COUNTRY_CITY,MERGE_REVIEW,A,PORTUGAL,Lisboa,Portugal,Lisboa,517,Fornecedores | Lisboa,Curadoria Global,Fornecedores,ang_curated,142130,ccfb283174df6cde4870ec69cdc3c2ca17ac3a31300bc0bfb7f29a12ed129fcb,draft
MATCH_EXACT_COUNTRY_CITY,MERGE_REVIEW,A,PORTUGAL,Lisboa,Portugal,Lisboa,518,Sustentabilidade | Lisboa,Curadoria Global,Sustentabilidade,ang_curated,142132,4bb08a8849a65504d9023ab60af3a15d209d24fdf207fc9bbadc82d3e1219502,draft
MATCH_EXACT_COUNTRY_CITY,MERGE_REVIEW,A,PORTUGAL,Lisboa,Portugal,Lisboa,519,Four Seasons | Lisboa,Conteúdo Global,Parceiros Globais,ang_curated,142135,9578950326389f5ccc2bd9c1ac6ea61072707c9da4cb2fd3e3b2a00713b640b1,draft
MATCH_EXACT_COUNTRY_CITY,MERGE_REVIEW,A,PORTUGAL,Lisboa,Portugal,Lisboa,520,Rosewood | Lisboa,Conteúdo Global,Parceiros Globais,ang_curated,142137,b807a37a9bf605dc8e3ef84a54dbccb783bd67ff19c41dd26dbeb4fed0400021,draft
MATCH_EXACT_COUNTRY_CITY,MERGE_REVIEW,A,PORTUGAL,Lisboa,Portugal,Lisboa,521,Belmond | Lisboa,Conteúdo Global,Parceiros Globais,ang_curated,142139,e123b843e411dd0c723caa6715dd0d0bbd65b13fdc4fbd7aee4db1a7bd20f134,draft
MATCH_EXACT_COUNTRY_CITY,MERGE_REVIEW,A,PORTUGAL,Lisboa,Portugal,Lisboa,522,Aman | Lisboa,Conteúdo Global,Parceiros Globais,ang_curated,142141,161d85ea3c3b2b322c3710dd916694927d58dc8b54ff04ec90c878d458668b70,draft
MATCH_EXACT_COUNTRY_CITY,MERGE_REVIEW,A,PORTUGAL,Lisboa,Portugal,Lisboa,523,Six Senses | Lisboa,Conteúdo Global,Parceiros Globais,ang_curated,142143,28d394de3a3b40ac00c69921b70f01ca9077e1841eded5e8aef7e8131eeaca2d,draft
MATCH_EXACT_COUNTRY_CITY,MERGE_REVIEW,A,PORTUGAL,Lisboa,Portugal,Lisboa,524,Relais & Châteaux | Lisboa,Conteúdo Global,Parceiros Globais,ang_curated,142145,08c929b10cea005499c5e2d30a4931090356e3c5840c35633dfb9b85791ed8d0,draft
MATCH_EXACT_COUNTRY_CITY,MERGE_REVIEW,A,PORTUGAL,Lisboa,Portugal,Lisboa,525,The Leading Hotels of the World | Lisboa,Conteúdo Global,Parceiros Globais,ang_curated,142147,b3a47030065916433d38715c865fa4c9ee0a56163f9bcbfa1bf240386b9c3d41,draft
MATCH_EXACT_COUNTRY_CITY,MERGE_REVIEW,A,PORTUGAL,Lisboa,Portugal,Lisboa,526,Small Luxury Hotels | Lisboa,Conteúdo Global,Parceiros Globais,ang_curated,142149,bbf33b38181f4dc15350c4b58424a790d2bcca62b69f25fbe1644a53b3fd5f5c,draft
MATCH_EXACT_COUNTRY_CITY,MERGE_REVIEW,A,PORTUGAL,Lisboa,Portugal,Lisboa,527,Virtuoso | Lisboa,Conteúdo Global,Parceiros Globais,ang_curated,142150,0bb190e95dec3380daa7ab558be993ec06ab23615e230ca4d42aa4c61a652fcd,draft
MATCH_EXACT_COUNTRY_CITY,MERGE_REVIEW,A,PORTUGAL,Lisboa,Portugal,Lisboa,528,Serandipians | Lisboa,Conteúdo Global,Parceiros Globais,ang_curated,142151,a1d4113fb49cab0d9258d0c5174254770804570cdf1791b079913b343828654f,draft
MATCH_EXACT_COUNTRY_CITY,MERGE_REVIEW,A,PORTUGAL,Lisboa,Portugal,Lisboa,529,Gastronomia Michelin | Lisboa,Curadoria VIP,Gastronomia Michelin,ang_curated,142152,1f23af6b5b9e0de5751d71c7495117e00b50d69e822a3e7454cc418327a7c7f3,draft
MATCH_EXACT_COUNTRY_CITY,MERGE_REVIEW,A,PORTUGAL,Lisboa,Portugal,Lisboa,530,Rooftops & Beach Clubs | Lisboa,Curadoria VIP,Rooftops & Beach Clubs,ang_curated,142153,46476c51af0ad3e9ecb1d9a95eb63819f4c34a10296947d71cb34dccab07e5c8,draft
MATCH_EXACT_COUNTRY_CITY,MERGE_REVIEW,A,PORTUGAL,Lisboa,Portugal,Lisboa,531,Compras & Lifestyle | Lisboa,Curadoria VIP,Compras & Lifestyle,ang_curated,142154,09aeadea8d77e09723ec9b6f60eadde00a612702f983cec2b08555fa59e6725c,draft
MATCH_EXACT_COUNTRY_CITY,MERGE_REVIEW,A,PORTUGAL,Lisboa,Portugal,Lisboa,532,Wellness | Lisboa,Curadoria VIP,Wellness,ang_curated,142155,21b222375bddc90411a0bb6d1322d9fad56a88c8403b68f520577742a1475b50,draft
MATCH_EXACT_COUNTRY_CITY,MERGE_REVIEW,A,PORTUGAL,Lisboa,Portugal,Lisboa,533,Experiências VIP | Lisboa,Curadoria VIP,Experiências VIP,ang_curated,142156,0bb89fe03f696c651a43a9b00b0d45e8fc840c84d8ecb6dbb80ed74675d4407b,draft
MATCH_EXACT_COUNTRY_CITY,MERGE_REVIEW,A,PORTUGAL,Lisboa,Portugal,Lisboa,534,Logística & Transporte | Lisboa,Curadoria VIP,Logística & Transporte,ang_curated,142157,fca6c602a4ff0c6ebf5d4edc10f1965a5b6108bd6808f723a6b29d24389e76b0,draft
MATCH_EXACT_COUNTRY_CITY,MERGE_REVIEW,A,PORTUGAL,Lisboa,Portugal,Lisboa,535,Salas VIP | Lisboa,Curadoria VIP,Salas VIP,ang_lounge,142158,ea3b87a2fa4433f694dd340d5cfa96466ef99228d07601f7e14061c87baf475b,draft
MATCH_EXACT_COUNTRY_CITY,MERGE_REVIEW,A,PORTUGAL,Lisboa,Portugal,Lisboa,536,Ski Collection | Lisboa,Curadoria VIP,Ski Collection,ang_curated,142159,18c93513d57b0746b975db7b28b1dcb0f2b7089202b0718bb5d318ac4a459b3a,draft
MATCH_EXACT_COUNTRY_CITY,MERGE_REVIEW,A,PORTUGAL,Porto,Portugal,Porto,537,Destinos | Porto,Curadoria Global,Destinos,ang_curated,142160,9fb2f92092235faabe07c88f392a121cfd57d246dd6d32e755756f083bf14246,draft
MATCH_EXACT_COUNTRY_CITY,MERGE_REVIEW,A,PORTUGAL,Porto,Portugal,Porto,538,Hotelaria Global | Porto,Curadoria Global,Hotelaria Global,ang_curated,142161,86880f985353de42502147a2c00344fe5a37786dc913d7cf10b3fd70110b3a99,draft
MATCH_EXACT_COUNTRY_CITY,MERGE_REVIEW,A,PORTUGAL,Porto,Portugal,Porto,539,Experiências | Porto,Curadoria Global,Experiências,ang_curated,142162,e5c03b73c4e21df1d184df1916f2be196035ce8c1e4edeb999cdb3cf781eb9cc,draft
MATCH_EXACT_COUNTRY_CITY,MERGE_REVIEW,A,PORTUGAL,Porto,Portugal,Porto,540,Fornecedores | Porto,Curadoria Global,Fornecedores,ang_curated,142163,9ec768608145dfbef1458b4a66d2f2fa64a4ed1e75bab5e1d43c3350b207a96a,draft
MATCH_EXACT_COUNTRY_CITY,MERGE_REVIEW,A,PORTUGAL,Porto,Portugal,Porto,541,Sustentabilidade | Porto,Curadoria Global,Sustentabilidade,ang_curated,142164,d13c24f984914b60b508ec3a84cb758ad53d9ef63887861940abf085c49811c9,draft
MATCH_EXACT_COUNTRY_CITY,MERGE_REVIEW,A,PORTUGAL,Porto,Portugal,Porto,542,Four Seasons | Porto,Conteúdo Global,Parceiros Globais,ang_curated,142165,6118a2018ec3bbeaba491d71dea287111d8b7d4d07175afc4fe44ee224678a65,draft
MATCH_EXACT_COUNTRY_CITY,MERGE_REVIEW,A,PORTUGAL,Porto,Portugal,Porto,543,Rosewood | Porto,Conteúdo Global,Parceiros Globais,ang_curated,142166,dbbbd3502942d574df0e4c8a3edc05c16a30c7087ccfc7022f9b7dc8c4851666,draft
MATCH_EXACT_COUNTRY_CITY,MERGE_REVIEW,A,PORTUGAL,Porto,Portugal,Porto,544,Belmond | Porto,Conteúdo Global,Parceiros Globais,ang_curated,142167,55326dbe99d366a28119fcc459cfb885cd2e2e1e3471d299f902a0eb52b21bd6,draft
MATCH_EXACT_COUNTRY_CITY,MERGE_REVIEW,A,PORTUGAL,Porto,Portugal,Porto,545,Aman | Porto,Conteúdo Global,Parceiros Globais,ang_curated,142168,b249dc467f37d95af9abf70d3e8d63500d953601096e2f10c6d5dc6a0432bd31,draft
MATCH_EXACT_COUNTRY_CITY,MERGE_REVIEW,A,PORTUGAL,Porto,Portugal,Porto,546,Six Senses | Porto,Conteúdo Global,Parceiros Globais,ang_curated,142169,276a27d851e0dca12e419614736a2e9c5f5636e5da67e9faa06c21ea90c2d9bc,draft
MATCH_EXACT_COUNTRY_CITY,MERGE_REVIEW,A,PORTUGAL,Porto,Portugal,Porto,547,Relais & Châteaux | Porto,Conteúdo Global,Parceiros Globais,ang_curated,142170,7e6b41c9102f25bfe11951c9f878193b0d0411a5df662eb441edbdcae370c01a,draft
MATCH_EXACT_COUNTRY_CITY,MERGE_REVIEW,A,PORTUGAL,Porto,Portugal,Porto,548,The Leading Hotels of the World | Porto,Conteúdo Global,Parceiros Globais,ang_curated,142171,502bd272d5286b3b52b94393757b6cb89b845788aa6a440caf84e52ecb8dc185,draft
MATCH_EXACT_COUNTRY_CITY,MERGE_REVIEW,A,PORTUGAL,Porto,Portugal,Porto,549,Small Luxury Hotels | Porto,Conteúdo Global,Parceiros Globais,ang_curated,142172,c1dfcf8b8f3cb4988f0d6dba261ac2958e4d84da6c16bad3b4be3b23a8f0700c,draft
MATCH_EXACT_COUNTRY_CITY,MERGE_REVIEW,A,PORTUGAL,Porto,Portugal,Porto,550,Virtuoso | Porto,Conteúdo Global,Parceiros Globais,ang_curated,142173,c1fcaccafdbb638b01aecd031432ad949484ecf9ccc9ac3459b8540cb682e9fb,draft
MATCH_EXACT_COUNTRY_CITY,MERGE_REVIEW,A,PORTUGAL,Porto,Portugal,Porto,551,Serandipians | Porto,Conteúdo Global,Parceiros Globais,ang_curated,142174,05b866a23f020e6a12ab7525d0fa4f35c2a3b7a7fa87c15b52fbb103371a2689,draft
MATCH_EXACT_COUNTRY_CITY,MERGE_REVIEW,A,PORTUGAL,Porto,Portugal,Porto,552,Gastronomia Michelin | Porto,Curadoria VIP,Gastronomia Michelin,ang_curated,142175,1b5f667e5fe0f857447e1e61775fe2dfdf20652bcdd8962fd8d19d1cdcb22cd0,draft
MATCH_EXACT_COUNTRY_CITY,MERGE_REVIEW,A,PORTUGAL,Porto,Portugal,Porto,553,Rooftops & Beach Clubs | Porto,Curadoria VIP,Rooftops & Beach Clubs,ang_curated,142176,72395b5280ced14b50a68df7e24b5935d7d92bfb7ea1ff2d640e170f51c338d7,draft
MATCH_EXACT_COUNTRY_CITY,MERGE_REVIEW,A,PORTUGAL,Porto,Portugal,Porto,554,Compras & Lifestyle | Porto,Curadoria VIP,Compras & Lifestyle,ang_curated,142177,1d072cff293f440a625a37bfde5c95432c65373c612fd0e89a745f19722aefb6,draft
MATCH_EXACT_COUNTRY_CITY,MERGE_REVIEW,A,PORTUGAL,Porto,Portugal,Porto,555,Wellness | Porto,Curadoria VIP,Wellness,ang_curated,142178,31a0a6a06b3a5c1a93c36265e1f621e8287fe2358f366f3fb4440144efe7982c,draft
MATCH_EXACT_COUNTRY_CITY,MERGE_REVIEW,A,PORTUGAL,Porto,Portugal,Porto,556,Experiências VIP | Porto,Curadoria VIP,Experiências VIP,ang_curated,142179,2df4bcb288fab7603e4f533f7f62c5a70e50dca9c34c1f9ab7c0ab26d15a9c2c,draft
MATCH_EXACT_COUNTRY_CITY,MERGE_REVIEW,A,PORTUGAL,Porto,Portugal,Porto,557,Logística & Transporte | Porto,Curadoria VIP,Logística & Transporte,ang_curated,142180,a8b32d921c710a9146881a8a6215f77f405d85240bc1751d6aecd58f4064f189,draft
MATCH_EXACT_COUNTRY_CITY,MERGE_REVIEW,A,PORTUGAL,Porto,Portugal,Porto,558,Salas VIP | Porto,Curadoria VIP,Salas VIP,ang_lounge,142181,db21f46f4b2ea7f889577773338d68c22c10090f2d55254f99fdb25b0b445750,draft
MATCH_EXACT_COUNTRY_CITY,MERGE_REVIEW,A,PORTUGAL,Porto,Portugal,Porto,559,Ski Collection | Porto,Curadoria VIP,Ski Collection,ang_curated,142182,92f6d84b19d52ec4eadd63e443f780f85198acdb83e93f396cfd8ec3e57ffc7b,draft
MATCH_EXACT_COUNTRY_CITY,MERGE_REVIEW,A,PORTUGAL,Algarve,Portugal,Algarve,560,Destinos | Algarve,Curadoria Global,Destinos,ang_curated,142183,ec5ba8aad66cd606a4ffe4f27219f7a0d9e654a2c58be83d018f5e67b31c4123,draft
MATCH_EXACT_COUNTRY_CITY,MERGE_REVIEW,A,PORTUGAL,Algarve,Portugal,Algarve,561,Hotelaria Global | Algarve,Curadoria Global,Hotelaria Global,ang_curated,142184,ed107097ed8148584c0b30017778efba74077605a72db2a07aeea3dfbf14d322,draft
MATCH_EXACT_COUNTRY_CITY,MERGE_REVIEW,A,PORTUGAL,Algarve,Portugal,Algarve,562,Experiências | Algarve,Curadoria Global,Experiências,ang_curated,142185,8db96202293d7011ce44a95d485505bacea965c0efd8988bd60ee394094c0b32,draft
MATCH_EXACT_COUNTRY_CITY,MERGE_REVIEW,A,PORTUGAL,Algarve,Portugal,Algarve,563,Fornecedores | Algarve,Curadoria Global,Fornecedores,ang_curated,142186,2d82628df4022496727a736b215651bb5d7f0a741b60c92234210a03ba05eac7,draft
MATCH_EXACT_COUNTRY_CITY,MERGE_REVIEW,A,PORTUGAL,Algarve,Portugal,Algarve,564,Sustentabilidade | Algarve,Curadoria Global,Sustentabilidade,ang_curated,142187,260f27479197b1d59538fae634d4b29561b632505b13fe2afd985fa3c7c2c456,draft
MATCH_EXACT_COUNTRY_CITY,MERGE_REVIEW,A,PORTUGAL,Algarve,Portugal,Algarve,565,Four Seasons | Algarve,Conteúdo Global,Parceiros Globais,ang_curated,142188,53a25d6b804e88aec8f1c4ba31f5591e943490ee43700ed4826b58134b41b6ec,draft
MATCH_EXACT_COUNTRY_CITY,MERGE_REVIEW,A,PORTUGAL,Algarve,Portugal,Algarve,566,Rosewood | Algarve,Conteúdo Global,Parceiros Globais,ang_curated,142189,3ee7692e08d7145f6c7640a227711fdd0504028f365cdd986eeaad1366efd4bc,draft
MATCH_EXACT_COUNTRY_CITY,MERGE_REVIEW,A,PORTUGAL,Algarve,Portugal,Algarve,567,Belmond | Algarve,Conteúdo Global,Parceiros Globais,ang_curated,142190,344cc5e023bd35a7f5af5fafeaf5a7c2b623c873bd9bcf6ef36129c724106e40,draft
MATCH_EXACT_COUNTRY_CITY,MERGE_REVIEW,A,PORTUGAL,Algarve,Portugal,Algarve,568,Aman | Algarve,Conteúdo Global,Parceiros Globais,ang_curated,142191,4fc051707c3c5d07c27e3c8290419da4bdc1c508cd1abe748cd1fa32fc6c5b12,draft
MATCH_EXACT_COUNTRY_CITY,MERGE_REVIEW,A,PORTUGAL,Algarve,Portugal,Algarve,569,Six Senses | Algarve,Conteúdo Global,Parceiros Globais,ang_curated,142192,0201c42af95fd805fb25483dcdff6d94fee85995c97ece1e95ff96c8fc39d643,draft
MATCH_EXACT_COUNTRY_CITY,MERGE_REVIEW,A,PORTUGAL,Algarve,Portugal,Algarve,570,Relais & Châteaux | Algarve,Conteúdo Global,Parceiros Globais,ang_curated,142193,734b2620455bb77e18ed19baf8c6366acaa0dbd6c272e30e90af1008a5313dba,draft
MATCH_EXACT_COUNTRY_CITY,MERGE_REVIEW,A,PORTUGAL,Algarve,Portugal,Algarve,571,The Leading Hotels of the World | Algarve,Conteúdo Global,Parceiros Globais,ang_curated,142194,7c0905e02f4f591a58120059f6808ee49b18b33af3a54dfffb74d7fd46e817e1,draft
MATCH_EXACT_COUNTRY_CITY,MERGE_REVIEW,A,PORTUGAL,Algarve,Portugal,Algarve,572,Small Luxury Hotels | Algarve,Conteúdo Global,Parceiros Globais,ang_curated,142195,340f2ce353bc89e5c4da707af92e4e07ea523bb64e2418376c50412c2498d71d,draft
MATCH_EXACT_COUNTRY_CITY,MERGE_REVIEW,A,PORTUGAL,Algarve,Portugal,Algarve,573,Virtuoso | Algarve,Conteúdo Global,Parceiros Globais,ang_curated,142196,1c05835815d84d0f8af2b8e8091e729c3ac47d2300448d8d3fe3811da58a4d81,draft
MATCH_EXACT_COUNTRY_CITY,MERGE_REVIEW,A,PORTUGAL,Algarve,Portugal,Algarve,574,Serandipians | Algarve,Conteúdo Global,Parceiros Globais,ang_curated,142197,30fbdb74eb83b52b6962df3a11d1d0582e411253b14ca423672a85a2cbab2d70,draft
MATCH_EXACT_COUNTRY_CITY,MERGE_REVIEW,A,PORTUGAL,Algarve,Portugal,Algarve,575,Gastronomia Michelin | Algarve,Curadoria VIP,Gastronomia Michelin,ang_curated,142198,641395518b342fee4b7cc90626bef011cddc862406045f2ba8744ac07da699ba,draft
MATCH_EXACT_COUNTRY_CITY,MERGE_REVIEW,A,PORTUGAL,Algarve,Portugal,Algarve,576,Rooftops & Beach Clubs | Algarve,Curadoria VIP,Rooftops & Beach Clubs,ang_curated,142199,d40044041bf5a8e873c926b472f70c46ce269b5beb4db620f93e295a433c221b,draft
MATCH_EXACT_COUNTRY_CITY,MERGE_REVIEW,A,PORTUGAL,Algarve,Portugal,Algarve,577,Compras & Lifestyle | Algarve,Curadoria VIP,Compras & Lifestyle,ang_curated,142200,7b572c18196896e617283187ea25df41c246838b2bb2dff5cd7721da162a0778,draft
MATCH_EXACT_COUNTRY_CITY,MERGE_REVIEW,A,PORTUGAL,Algarve,Portugal,Algarve,578,Wellness | Algarve,Curadoria VIP,Wellness,ang_curated,142201,150ae1abc4ae3137902e168f915722c85c0a0dc91fab991a5e6b4bb288636f6b,draft
MATCH_EXACT_COUNTRY_CITY,MERGE_REVIEW,A,PORTUGAL,Algarve,Portugal,Algarve,579,Experiências VIP | Algarve,Curadoria VIP,Experiências VIP,ang_curated,142202,9e2dae2af12647a723e921c86730b138999e2c3f290f8c72e718c489b03515f9,draft
MATCH_EXACT_COUNTRY_CITY,MERGE_REVIEW,A,PORTUGAL,Algarve,Portugal,Algarve,580,Logística & Transporte | Algarve,Curadoria VIP,Logística & Transporte,ang_curated,142203,852b430134ee96596c8d80071fca80f6648d6f1be087bb8779e11629ee457e04,draft
MATCH_EXACT_COUNTRY_CITY,MERGE_REVIEW,A,PORTUGAL,Algarve,Portugal,Algarve,581,Salas VIP | Algarve,Curadoria VIP,Salas VIP,ang_lounge,142204,9f8f01cd1bdaa6dc3219225020deec2dbbee37a969bf2f5eeba8c30678c274e5,draft
MATCH_EXACT_COUNTRY_CITY,MERGE_REVIEW,A,PORTUGAL,Algarve,Portugal,Algarve,582,Ski Collection | Algarve,Curadoria VIP,Ski Collection,ang_curated,142205,14a973904824b22db01336cccd84d7c283888dafd4f452d9d556d75df7a01636,draft
MATCH_EXACT_COUNTRY_CITY,MERGE_REVIEW,03,SUÍÇA,Zurique,Suíça,Zurique,583,Destinos | Zurique,Curadoria Global,Destinos,ang_curated,142206,886c976ec51464123ed40bbf1508e24fe42bdb3f75b88d309ab8c51fd1603da1,draft
MATCH_EXACT_COUNTRY_CITY,MERGE_REVIEW,03,SUÍÇA,Zurique,Suíça,Zurique,584,Hotelaria Global | Zurique,Curadoria Global,Hotelaria Global,ang_curated,142207,00211f8dece33df07b6b2413e40c539fd4f197993b6465278159714ab30c6a6d,draft
MATCH_EXACT_COUNTRY_CITY,MERGE_REVIEW,03,SUÍÇA,Zurique,Suíça,Zurique,585,Experiências | Zurique,Curadoria Global,Experiências,ang_curated,142208,6bd10ec3658f1c34d8d992c375d9ddc9b3c721089e8935e9e9bbe446e9384435,draft
MATCH_EXACT_COUNTRY_CITY,MERGE_REVIEW,03,SUÍÇA,Zurique,Suíça,Zurique,586,Fornecedores | Zurique,Curadoria Global,Fornecedores,ang_curated,142209,158048ad011ee7d3cdc9e2b77d7be3a95aec79f5b8e2ba7f4816e4dfb9157684,draft
MATCH_EXACT_COUNTRY_CITY,MERGE_REVIEW,03,SUÍÇA,Zurique,Suíça,Zurique,587,Sustentabilidade | Zurique,Curadoria Global,Sustentabilidade,ang_curated,142210,02a355724b77fc209fd0f2655e3dc361a65f592e4de786369217d73c680947d7,draft
MATCH_EXACT_COUNTRY_CITY,MERGE_REVIEW,03,SUÍÇA,Zurique,Suíça,Zurique,588,Four Seasons | Zurique,Conteúdo Global,Parceiros Globais,ang_curated,142211,4c1659ad50db9d31960e4044d1d03496049aaba25835a9207cd452dcae19eb9b,draft
MATCH_EXACT_COUNTRY_CITY,MERGE_REVIEW,03,SUÍÇA,Zurique,Suíça,Zurique,589,Rosewood | Zurique,Conteúdo Global,Parceiros Globais,ang_curated,142212,a39d44abe015a905aa25aba558af2ade117d94bff5174ffadddc25429638d49e,draft
MATCH_EXACT_COUNTRY_CITY,MERGE_REVIEW,03,SUÍÇA,Zurique,Suíça,Zurique,590,Belmond | Zurique,Conteúdo Global,Parceiros Globais,ang_curated,142213,2d6b9419dc0bfcef7d7088aa474a529dfe3a3f89b04bf0dc86bd478941767974,draft
MATCH_EXACT_COUNTRY_CITY,MERGE_REVIEW,03,SUÍÇA,Zurique,Suíça,Zurique,591,Aman | Zurique,Conteúdo Global,Parceiros Globais,ang_curated,142214,83864ac04519efe38d2d49858b5b32a7103708055c360e9ae1e17fafed087cd5,draft
MATCH_EXACT_COUNTRY_CITY,MERGE_REVIEW,03,SUÍÇA,Zurique,Suíça,Zurique,592,Six Senses | Zurique,Conteúdo Global,Parceiros Globais,ang_curated,142215,ff246d740a57c84fcdb413276e16de52be5da353eb3ff5b6679dcd42509bcac1,draft
MATCH_EXACT_COUNTRY_CITY,MERGE_REVIEW,03,SUÍÇA,Zurique,Suíça,Zurique,593,Relais & Châteaux | Zurique,Conteúdo Global,Parceiros Globais,ang_curated,142216,6bf0fe985c79c1332b615adef91d1c3c0025b58958c0cfc3407ad0c9dd08fa90,draft
MATCH_EXACT_COUNTRY_CITY,MERGE_REVIEW,03,SUÍÇA,Zurique,Suíça,Zurique,594,The Leading Hotels of the World | Zurique,Conteúdo Global,Parceiros Globais,ang_curated,142217,1c9dedde9f7a71dc79b4641b29b0b696fd11ea4b2c45b3ec53559c924917ef44,draft
MATCH_EXACT_COUNTRY_CITY,MERGE_REVIEW,03,SUÍÇA,Zurique,Suíça,Zurique,595,Small Luxury Hotels | Zurique,Conteúdo Global,Parceiros Globais,ang_curated,142218,c341b7cf52c91180d48ab5b12b4977e10be53e7dc404e06a3ea4dca4e693d892,draft
MATCH_EXACT_COUNTRY_CITY,MERGE_REVIEW,03,SUÍÇA,Zurique,Suíça,Zurique,596,Virtuoso | Zurique,Conteúdo Global,Parceiros Globais,ang_curated,142219,541a8b280522bd8282e505fb6043b0e8ec27217257fdb9091d447d5902f22852,draft
MATCH_EXACT_COUNTRY_CITY,MERGE_REVIEW,03,SUÍÇA,Zurique,Suíça,Zurique,597,Serandipians | Zurique,Conteúdo Global,Parceiros Globais,ang_curated,142220,237eaba221432cd4cb3f24caf0e5753020be2e17888113e244badb32685d98fe,draft
MATCH_EXACT_COUNTRY_CITY,MERGE_REVIEW,03,SUÍÇA,Zurique,Suíça,Zurique,598,Gastronomia Michelin | Zurique,Curadoria VIP,Gastronomia Michelin,ang_curated,142221,3dfd8a7c27459f7bd06f8e683c29608fb2ca21a0327351bd20dc2f5205dc9178,draft
MATCH_EXACT_COUNTRY_CITY,MERGE_REVIEW,03,SUÍÇA,Zurique,Suíça,Zurique,599,Rooftops & Beach Clubs | Zurique,Curadoria VIP,Rooftops & Beach Clubs,ang_curated,142222,5078fa1055eee7544e808abb494e9efe69dd269030bde9642cec0bc893cb1f9d,draft
MATCH_EXACT_COUNTRY_CITY,MERGE_REVIEW,03,SUÍÇA,Zurique,Suíça,Zurique,600,Compras & Lifestyle | Zurique,Curadoria VIP,Compras & Lifestyle,ang_curated,142223,3f97f72f95f045c971a2f5a6627bd5038ef3bd089a0a8da311f2a579bb73119a,draft
MATCH_EXACT_COUNTRY_CITY,MERGE_REVIEW,03,SUÍÇA,Zurique,Suíça,Zurique,601,Wellness | Zurique,Curadoria VIP,Wellness,ang_curated,142224,d9843ee1d7412e3a2edd2ee1b02dbfa4c936dfbf109bc5fc7da9fbe27f02c5c3,draft
MATCH_EXACT_COUNTRY_CITY,MERGE_REVIEW,03,SUÍÇA,Zurique,Suíça,Zurique,602,Experiências VIP | Zurique,Curadoria VIP,Experiências VIP,ang_curated,142225,9475095c24b4c52af5bd258ecd49dc15e4db1ac4aa3e11d1c1448c82b2ac9201,draft
MATCH_EXACT_COUNTRY_CITY,MERGE_REVIEW,03,SUÍÇA,Zurique,Suíça,Zurique,603,Logística & Transporte | Zurique,Curadoria VIP,Logística & Transporte,ang_curated,142226,ac9457ec124d5e10179aeecdb145f9f7864868ccd672019210ded024b06c7dda,draft
MATCH_EXACT_COUNTRY_CITY,MERGE_REVIEW,03,SUÍÇA,Zurique,Suíça,Zurique,604,Salas VIP | Zurique,Curadoria VIP,Salas VIP,ang_lounge,142227,9ef600ddfced1e11df26c7d1b0ecac82f59932fc84d6148220e0beed1f683b7f,draft
MATCH_EXACT_COUNTRY_CITY,MERGE_REVIEW,03,SUÍÇA,Zurique,Suíça,Zurique,605,Ski Collection | Zurique,Curadoria VIP,Ski Collection,ang_curated,142228,f4b141e7964688f02b3597ecec76fec5771ba0bf83e950122c93af862a5977c9,draft
MATCH_EXACT_COUNTRY_CITY,MERGE_REVIEW,A|03,SUÍÇA,St. Moritz,Suíça,St. Moritz,606,Destinos | St. Moritz,Curadoria Global,Destinos,ang_curated,142229,53f6664470153eb831f8f469a3812e93a7b462feb073ffe794f0019187615315,draft
MATCH_EXACT_COUNTRY_CITY,MERGE_REVIEW,A|03,SUÍÇA,St. Moritz,Suíça,St. Moritz,607,Hotelaria Global | St. Moritz,Curadoria Global,Hotelaria Global,ang_curated,142230,a7dd40b81066d16957140426ed5408881abf09d060f78c4e73ef142f82d51ed5,draft
MATCH_EXACT_COUNTRY_CITY,MERGE_REVIEW,A|03,SUÍÇA,St. Moritz,Suíça,St. Moritz,608,Experiências | St. Moritz,Curadoria Global,Experiências,ang_curated,142231,ec09104dbe9826b0fdad9f259cc75c3d931548f6d9d398e2741a4cb60f6c3efc,draft
MATCH_EXACT_COUNTRY_CITY,MERGE_REVIEW,A|03,SUÍÇA,St. Moritz,Suíça,St. Moritz,609,Fornecedores | St. Moritz,Curadoria Global,Fornecedores,ang_curated,142232,8e422e830fae72df78b121f4cfe2551fd18a299d7c0cbbb12a5ce2afe5b48d86,draft
MATCH_EXACT_COUNTRY_CITY,MERGE_REVIEW,A|03,SUÍÇA,St. Moritz,Suíça,St. Moritz,610,Sustentabilidade | St. Moritz,Curadoria Global,Sustentabilidade,ang_curated,142233,c3f8026aefdcfba5e8ad9856cbfc57b2cbfdc77fa743c2fc2fd340f206026c4b,draft
MATCH_EXACT_COUNTRY_CITY,MERGE_REVIEW,A|03,SUÍÇA,St. Moritz,Suíça,St. Moritz,611,Four Seasons | St. Moritz,Conteúdo Global,Parceiros Globais,ang_curated,142234,c5c6e0905302995087a615a73c86e081c46f0712bf172d954329f9fc8352bb06,draft
MATCH_EXACT_COUNTRY_CITY,MERGE_REVIEW,A|03,SUÍÇA,St. Moritz,Suíça,St. Moritz,612,Rosewood | St. Moritz,Conteúdo Global,Parceiros Globais,ang_curated,142235,ac3ce5c3cb8654c10b36ac3faf4d521a4ac4b09ebeeae2b62a504b5e650d98b3,draft
MATCH_EXACT_COUNTRY_CITY,MERGE_REVIEW,A|03,SUÍÇA,St. Moritz,Suíça,St. Moritz,613,Belmond | St. Moritz,Conteúdo Global,Parceiros Globais,ang_curated,142236,1b543a239e14908f0ccbc03888afbc8cc33fd1f4db3f78159e01eac697b9cc40,draft
MATCH_EXACT_COUNTRY_CITY,MERGE_REVIEW,A|03,SUÍÇA,St. Moritz,Suíça,St. Moritz,614,Aman | St. Moritz,Conteúdo Global,Parceiros Globais,ang_curated,142237,2808db6f3b80f353fbebffbb9eb18f84ee2a6700d3749485e7ce89d145d2e780,draft
MATCH_EXACT_COUNTRY_CITY,MERGE_REVIEW,A|03,SUÍÇA,St. Moritz,Suíça,St. Moritz,615,Six Senses | St. Moritz,Conteúdo Global,Parceiros Globais,ang_curated,142238,74380e46055134c1a55c072638d14c1a58ac152e2ff13bc7a9773ea85c4d4f63,draft
MATCH_EXACT_COUNTRY_CITY,MERGE_REVIEW,A|03,SUÍÇA,St. Moritz,Suíça,St. Moritz,616,Relais & Châteaux | St. Moritz,Conteúdo Global,Parceiros Globais,ang_curated,142239,b0a02bb0cfe3c6d11888791dc4fd4c9d693b34bdbdc8a10320ba94e533180874,draft
MATCH_EXACT_COUNTRY_CITY,MERGE_REVIEW,A|03,SUÍÇA,St. Moritz,Suíça,St. Moritz,617,The Leading Hotels of the World | St. Moritz,Conteúdo Global,Parceiros Globais,ang_curated,142240,39b71781511ead1af9630ec895ce961e8b5bd6051f1787ba09f65042d68c7f2a,draft
MATCH_EXACT_COUNTRY_CITY,MERGE_REVIEW,A|03,SUÍÇA,St. Moritz,Suíça,St. Moritz,618,Small Luxury Hotels | St. Moritz,Conteúdo Global,Parceiros Globais,ang_curated,142241,e11900014593f69f2904e9845d3b3529b3ed00de79841877c5f9ade4336af452,draft
MATCH_EXACT_COUNTRY_CITY,MERGE_REVIEW,A|03,SUÍÇA,St. Moritz,Suíça,St. Moritz,619,Virtuoso | St. Moritz,Conteúdo Global,Parceiros Globais,ang_curated,142242,d6a27d06574da7a22d0a08c0c88661a5471246710e1a11de9c9a5f40b3fe267d,draft
MATCH_EXACT_COUNTRY_CITY,MERGE_REVIEW,A|03,SUÍÇA,St. Moritz,Suíça,St. Moritz,620,Serandipians | St. Moritz,Conteúdo Global,Parceiros Globais,ang_curated,142243,73a26cce56bbe7ab9b11461f4b1e7604c480f7244b8931fdf09ba8b5ec1e5904,draft
MATCH_EXACT_COUNTRY_CITY,MERGE_REVIEW,A|03,SUÍÇA,St. Moritz,Suíça,St. Moritz,621,Gastronomia Michelin | St. Moritz,Curadoria VIP,Gastronomia Michelin,ang_curated,142244,ff9bde9e9d24181ad615629c8a966aebbc3f11fa26a9df061dbee560795857d8,draft
MATCH_EXACT_COUNTRY_CITY,MERGE_REVIEW,A|03,SUÍÇA,St. Moritz,Suíça,St. Moritz,622,Rooftops & Beach Clubs | St. Moritz,Curadoria VIP,Rooftops & Beach Clubs,ang_curated,142245,975cd5c48084e211c9dfa9db9b645019705a44c17abd1c52bc066a27c2db2add,draft
MATCH_EXACT_COUNTRY_CITY,MERGE_REVIEW,A|03,SUÍÇA,St. Moritz,Suíça,St. Moritz,623,Compras & Lifestyle | St. Moritz,Curadoria VIP,Compras & Lifestyle,ang_curated,142246,7fddcba2e48c4fa9fcd0137615c14272d07366be8ba5699b9d49a739119fc01c,draft
MATCH_EXACT_COUNTRY_CITY,MERGE_REVIEW,A|03,SUÍÇA,St. Moritz,Suíça,St. Moritz,624,Wellness | St. Moritz,Curadoria VIP,Wellness,ang_curated,142247,c6338884fefa6d68743b49a6daa7e3fe05237f330b7c6c2eee18279a5c80654a,draft
MATCH_EXACT_COUNTRY_CITY,MERGE_REVIEW,A|03,SUÍÇA,St. Moritz,Suíça,St. Moritz,625,Experiências VIP | St. Moritz,Curadoria VIP,Experiências VIP,ang_curated,142248,3c9d1f37758afc8808794284107e7a860a065418b235fe54c2d8dc4615dfe420,draft
MATCH_EXACT_COUNTRY_CITY,MERGE_REVIEW,A|03,SUÍÇA,St. Moritz,Suíça,St. Moritz,626,Logística & Transporte | St. Moritz,Curadoria VIP,Logística & Transporte,ang_curated,142249,06a290b28ecc557871fe7ab0114a8742eb1c1466066e4a859d201ff948b3e85f,draft
MATCH_EXACT_COUNTRY_CITY,MERGE_REVIEW,A|03,SUÍÇA,St. Moritz,Suíça,St. Moritz,627,Salas VIP | St. Moritz,Curadoria VIP,Salas VIP,ang_lounge,142250,2d85c81e52112a441253e23f2a30cb97e7806e13c0bec23f5cc6b85d0c508638,draft
MATCH_EXACT_COUNTRY_CITY,MERGE_REVIEW,A|03,SUÍÇA,St. Moritz,Suíça,St. Moritz,628,Ski Collection | St. Moritz,Curadoria VIP,Ski Collection,ang_curated,142251,231e8aa44a68524e49f85d536a3438dc50547622220da826615b567a1fe72c50,draft
MATCH_EXACT_COUNTRY_CITY,MERGE_REVIEW,A|03,SUÍÇA,Zermatt,Suíça,Zermatt,629,Destinos | Zermatt,Curadoria Global,Destinos,ang_curated,142252,55e6be6364bc1866a2b6c1a8115eecb76003ce748a41ca89b64cda02a6778f3a,draft
MATCH_EXACT_COUNTRY_CITY,MERGE_REVIEW,A|03,SUÍÇA,Zermatt,Suíça,Zermatt,630,Hotelaria Global | Zermatt,Curadoria Global,Hotelaria Global,ang_curated,142253,b019c32041ee0211b99c5919d61fa58a5227ccdeab64bfe86eac96c6b99ea556,draft
MATCH_EXACT_COUNTRY_CITY,MERGE_REVIEW,A|03,SUÍÇA,Zermatt,Suíça,Zermatt,631,Experiências | Zermatt,Curadoria Global,Experiências,ang_curated,142254,9c34e9108f710fed787e42026958899195a172c830b31ed7309baecb14fc4f84,draft
MATCH_EXACT_COUNTRY_CITY,MERGE_REVIEW,A|03,SUÍÇA,Zermatt,Suíça,Zermatt,632,Fornecedores | Zermatt,Curadoria Global,Fornecedores,ang_curated,142255,eb395c21b48c405345fe21a989d52550bcd72f70e798cd30a6bbd0c30a5bdfa6,draft
MATCH_EXACT_COUNTRY_CITY,MERGE_REVIEW,A|03,SUÍÇA,Zermatt,Suíça,Zermatt,633,Sustentabilidade | Zermatt,Curadoria Global,Sustentabilidade,ang_curated,142256,2fd471a5f4895abbedab6cfb71ea3db9e367e9fd97cdb419c6c17552356a15c5,draft
MATCH_EXACT_COUNTRY_CITY,MERGE_REVIEW,A|03,SUÍÇA,Zermatt,Suíça,Zermatt,634,Four Seasons | Zermatt,Conteúdo Global,Parceiros Globais,ang_curated,142257,e5ed5a21c7fb69afeb11caa27cd30707fb003db6553a2ca47d9e1cae7aba92e0,draft
MATCH_EXACT_COUNTRY_CITY,MERGE_REVIEW,A|03,SUÍÇA,Zermatt,Suíça,Zermatt,635,Rosewood | Zermatt,Conteúdo Global,Parceiros Globais,ang_curated,142258,4487117b4d4763ca2d08e8fcbf6ab9c04fd6c9d9c8596fc9bba754c62d6c347e,draft
MATCH_EXACT_COUNTRY_CITY,MERGE_REVIEW,A|03,SUÍÇA,Zermatt,Suíça,Zermatt,636,Belmond | Zermatt,Conteúdo Global,Parceiros Globais,ang_curated,142259,942e072c8b441de83b24a232fe9467d776a51a2192ad3dbfae5fd5fa93e33c85,draft
MATCH_EXACT_COUNTRY_CITY,MERGE_REVIEW,A|03,SUÍÇA,Zermatt,Suíça,Zermatt,637,Aman | Zermatt,Conteúdo Global,Parceiros Globais,ang_curated,142260,0cf0447c2f492b54f67422071b6236f21e731f5cfda5cbfd0bf78784ff61ec79,draft
MATCH_EXACT_COUNTRY_CITY,MERGE_REVIEW,A|03,SUÍÇA,Zermatt,Suíça,Zermatt,638,Six Senses | Zermatt,Conteúdo Global,Parceiros Globais,ang_curated,142261,4c41753a470d5ec09781375374954ab7a5896f736dabcc05ea7c8deb67afb7dd,draft
MATCH_EXACT_COUNTRY_CITY,MERGE_REVIEW,A|03,SUÍÇA,Zermatt,Suíça,Zermatt,639,Relais & Châteaux | Zermatt,Conteúdo Global,Parceiros Globais,ang_curated,142262,ab0353511724711ac2af687ebb3cffced934be8f426159d561b1c30014d45413,draft
MATCH_EXACT_COUNTRY_CITY,MERGE_REVIEW,A|03,SUÍÇA,Zermatt,Suíça,Zermatt,640,The Leading Hotels of the World | Zermatt,Conteúdo Global,Parceiros Globais,ang_curated,142263,eebb731ba9602c5d408751ea23f9c1c1155c15003ad8f16add24b6f4a70dac29,draft
MATCH_EXACT_COUNTRY_CITY,MERGE_REVIEW,A|03,SUÍÇA,Zermatt,Suíça,Zermatt,641,Small Luxury Hotels | Zermatt,Conteúdo Global,Parceiros Globais,ang_curated,142264,65d031c7566650c936e60c700f63443ffdf2ca89f2204cd4bb5cfcb73e930264,draft
MATCH_EXACT_COUNTRY_CITY,MERGE_REVIEW,A|03,SUÍÇA,Zermatt,Suíça,Zermatt,642,Virtuoso | Zermatt,Conteúdo Global,Parceiros Globais,ang_curated,142265,da9c4ceb1d192c12abb1f3ba1deef0cd3f013eb6faba3469872f766fed51ee64,draft
MATCH_EXACT_COUNTRY_CITY,MERGE_REVIEW,A|03,SUÍÇA,Zermatt,Suíça,Zermatt,643,Serandipians | Zermatt,Conteúdo Global,Parceiros Globais,ang_curated,142266,e088e6c043cdc00ec5f60d5530f98e8e129d983ab8176f79ab873715fdd64b87,draft
MATCH_EXACT_COUNTRY_CITY,MERGE_REVIEW,A|03,SUÍÇA,Zermatt,Suíça,Zermatt,644,Gastronomia Michelin | Zermatt,Curadoria VIP,Gastronomia Michelin,ang_curated,142267,d72e536f250b276111f8806526c31395a7997512b6876583956f788612b0c129,draft
MATCH_EXACT_COUNTRY_CITY,MERGE_REVIEW,A|03,SUÍÇA,Zermatt,Suíça,Zermatt,645,Rooftops & Beach Clubs | Zermatt,Curadoria VIP,Rooftops & Beach Clubs,ang_curated,142268,b7ec002c71f2e429430494ab893a9127757036b857af298ad1a6ca45e2a5305a,draft
MATCH_EXACT_COUNTRY_CITY,MERGE_REVIEW,A|03,SUÍÇA,Zermatt,Suíça,Zermatt,646,Compras & Lifestyle | Zermatt,Curadoria VIP,Compras & Lifestyle,ang_curated,142269,c61e66e179e73765d07726210238e3e8c69d3ddcd8f00c6ec8d716bd19c2217b,draft
MATCH_EXACT_COUNTRY_CITY,MERGE_REVIEW,A|03,SUÍÇA,Zermatt,Suíça,Zermatt,647,Wellness | Zermatt,Curadoria VIP,Wellness,ang_curated,142270,b85b4cecc7aab31e84ded80a798fcb07a3409dabd44bfd38e0576f10a1a56cd3,draft
MATCH_EXACT_COUNTRY_CITY,MERGE_REVIEW,A|03,SUÍÇA,Zermatt,Suíça,Zermatt,648,Experiências VIP | Zermatt,Curadoria VIP,Experiências VIP,ang_curated,142271,cca15358a5176b4145895eec115729d720c5ebddb320326fbe8a4cfe82a09c66,draft
MATCH_EXACT_COUNTRY_CITY,MERGE_REVIEW,A|03,SUÍÇA,Zermatt,Suíça,Zermatt,649,Logística & Transporte | Zermatt,Curadoria VIP,Logística & Transporte,ang_curated,142272,0973fbf2a7e35aee96f8ad20f699bbe154e52870279073240983f1726617ea21,draft
MATCH_EXACT_COUNTRY_CITY,MERGE_REVIEW,A|03,SUÍÇA,Zermatt,Suíça,Zermatt,650,Salas VIP | Zermatt,Curadoria VIP,Salas VIP,ang_lounge,142273,b2ca184c07c6e36c6a20a8e135da1dd6f4dec8837815d6ea7bcab521ed347233,draft
MATCH_EXACT_COUNTRY_CITY,MERGE_REVIEW,A|03,SUÍÇA,Zermatt,Suíça,Zermatt,651,Ski Collection | Zermatt,Curadoria VIP,Ski Collection,ang_curated,142274,58196d101e660756b9e0c0c24bdbc338791187a1fab4ee053a3d08e32c22a9de,draft
MATCH_EXACT_COUNTRY_CITY,MERGE_REVIEW,03,JAPÃO,Tóquio,Japão,Tóquio,652,Destinos | Tóquio,Curadoria Global,Destinos,ang_curated,142275,d56df15aca502b5cdc2f0d2f11b302519065b8fd66d4a2a884933b20b302cdbc,draft
MATCH_EXACT_COUNTRY_CITY,MERGE_REVIEW,03,JAPÃO,Tóquio,Japão,Tóquio,653,Hotelaria Global | Tóquio,Curadoria Global,Hotelaria Global,ang_curated,142276,170961cc77dd63fea576352aca64150605f17f44fda97679fd647a5655ba861c,draft
MATCH_EXACT_COUNTRY_CITY,MERGE_REVIEW,03,JAPÃO,Tóquio,Japão,Tóquio,654,Experiências | Tóquio,Curadoria Global,Experiências,ang_curated,142277,41fc9ef13e1145b4b3549f46439f3c7c5a4e89bf08d66b73b8f2feaa40e44e95,draft
MATCH_EXACT_COUNTRY_CITY,MERGE_REVIEW,03,JAPÃO,Tóquio,Japão,Tóquio,655,Fornecedores | Tóquio,Curadoria Global,Fornecedores,ang_curated,142278,9ae03122bf493ccdeb8a0a4a81f88aa011dfa0755f2070d6dd788ef0c901ce45,draft
MATCH_EXACT_COUNTRY_CITY,MERGE_REVIEW,03,JAPÃO,Tóquio,Japão,Tóquio,656,Sustentabilidade | Tóquio,Curadoria Global,Sustentabilidade,ang_curated,142279,ad15124cd675efb1220ad7bfa6734769fc66c8becc98a1bfc4f4ca7fe8d8380b,draft
MATCH_EXACT_COUNTRY_CITY,MERGE_REVIEW,03,JAPÃO,Tóquio,Japão,Tóquio,657,Four Seasons | Tóquio,Conteúdo Global,Parceiros Globais,ang_curated,142280,379df249ca3414820a1fa25f83d5d53f7fe69191c93f63af58027cdcb1b8615a,draft
MATCH_EXACT_COUNTRY_CITY,MERGE_REVIEW,03,JAPÃO,Tóquio,Japão,Tóquio,658,Rosewood | Tóquio,Conteúdo Global,Parceiros Globais,ang_curated,142281,f524516db2a47aa7b4e4c5bc99822e5e386a8e801d9e60495a8cb39e8464fd60,draft
MATCH_EXACT_COUNTRY_CITY,MERGE_REVIEW,03,JAPÃO,Tóquio,Japão,Tóquio,659,Belmond | Tóquio,Conteúdo Global,Parceiros Globais,ang_curated,142282,80c6260e31d6d91a67faa25f9548f6f8fd4c9e347c8516f592da0e30a68c8933,draft
MATCH_EXACT_COUNTRY_CITY,MERGE_REVIEW,03,JAPÃO,Tóquio,Japão,Tóquio,660,Aman | Tóquio,Conteúdo Global,Parceiros Globais,ang_curated,142283,052081b177224394d8370f3ec6802a0667f8063123856abb3d9efe0d9b130822,draft
MATCH_EXACT_COUNTRY_CITY,MERGE_REVIEW,03,JAPÃO,Tóquio,Japão,Tóquio,661,Six Senses | Tóquio,Conteúdo Global,Parceiros Globais,ang_curated,142284,e55b293f0329eabdee3757c01fd47962c0d0f553ffbc17eaff34843296619027,draft
MATCH_EXACT_COUNTRY_CITY,MERGE_REVIEW,03,JAPÃO,Tóquio,Japão,Tóquio,662,Relais & Châteaux | Tóquio,Conteúdo Global,Parceiros Globais,ang_curated,142285,f0b356df36a1387aa9542128354cc9139af4b21eb8d35440d72fee0a514fef33,draft
MATCH_EXACT_COUNTRY_CITY,MERGE_REVIEW,03,JAPÃO,Tóquio,Japão,Tóquio,663,The Leading Hotels of the World | Tóquio,Conteúdo Global,Parceiros Globais,ang_curated,142286,15dadae56585322312ff1fd79fbdb633aa115530de516370ac8b60c7689a5fe7,draft
MATCH_EXACT_COUNTRY_CITY,MERGE_REVIEW,03,JAPÃO,Tóquio,Japão,Tóquio,664,Small Luxury Hotels | Tóquio,Conteúdo Global,Parceiros Globais,ang_curated,142287,fb20aaaee9cafe2a37c03f38d4a5282ca91f23393a9485bf284c938e0a3b75b3,draft
MATCH_EXACT_COUNTRY_CITY,MERGE_REVIEW,03,JAPÃO,Tóquio,Japão,Tóquio,665,Virtuoso | Tóquio,Conteúdo Global,Parceiros Globais,ang_curated,142288,4808e21b5ba537ec6e138943db4264fdfac698c60ff9c448155674ca2f1f3d76,draft
MATCH_EXACT_COUNTRY_CITY,MERGE_REVIEW,03,JAPÃO,Tóquio,Japão,Tóquio,666,Serandipians | Tóquio,Conteúdo Global,Parceiros Globais,ang_curated,142289,7eb8753fe00a4c31a808be23ab1717e0f38eb3e52e1673df353b51a00b1f64b6,draft
MATCH_EXACT_COUNTRY_CITY,MERGE_REVIEW,03,JAPÃO,Tóquio,Japão,Tóquio,667,Gastronomia Michelin | Tóquio,Curadoria VIP,Gastronomia Michelin,ang_curated,142290,b2f73772ec245516d640fcb33b25cef8a603a1cda12e4ce5aaa16d9d56ba8a46,draft
MATCH_EXACT_COUNTRY_CITY,MERGE_REVIEW,03,JAPÃO,Tóquio,Japão,Tóquio,668,Rooftops & Beach Clubs | Tóquio,Curadoria VIP,Rooftops & Beach Clubs,ang_curated,142291,34281d0581f0b4c2331e10546d480289035bee012a5a08129141426d8bd261f6,draft
MATCH_EXACT_COUNTRY_CITY,MERGE_REVIEW,03,JAPÃO,Tóquio,Japão,Tóquio,669,Compras & Lifestyle | Tóquio,Curadoria VIP,Compras & Lifestyle,ang_curated,142292,74ea3571149fdecadcfd8c5efbd3b3e0f51c7598bc5780083edc4b46b451a2ad,draft
MATCH_EXACT_COUNTRY_CITY,MERGE_REVIEW,03,JAPÃO,Tóquio,Japão,Tóquio,670,Wellness | Tóquio,Curadoria VIP,Wellness,ang_curated,142293,b45c2daab4bab28f9e3759157017e4264a68166bf25c88dbddf7725a6c51e052,draft
MATCH_EXACT_COUNTRY_CITY,MERGE_REVIEW,03,JAPÃO,Tóquio,Japão,Tóquio,671,Experiências VIP | Tóquio,Curadoria VIP,Experiências VIP,ang_curated,142294,4268c168556b2433cad7182a834986bb052773432398093d5268cf10da2e11ba,draft
MATCH_EXACT_COUNTRY_CITY,MERGE_REVIEW,03,JAPÃO,Tóquio,Japão,Tóquio,672,Logística & Transporte | Tóquio,Curadoria VIP,Logística & Transporte,ang_curated,142295,5ea4629f2b54169d1de5215fdb3683ac6f87e2f66914b40d913213ddc0a2cf72,draft
MATCH_EXACT_COUNTRY_CITY,MERGE_REVIEW,03,JAPÃO,Tóquio,Japão,Tóquio,673,Salas VIP | Tóquio,Curadoria VIP,Salas VIP,ang_lounge,142296,05c1fcd01c1551a16fbc914df41d85e928b958031a5f602105e9b6246c11ae41,draft
MATCH_EXACT_COUNTRY_CITY,MERGE_REVIEW,03,JAPÃO,Tóquio,Japão,Tóquio,674,Ski Collection | Tóquio,Curadoria VIP,Ski Collection,ang_curated,142297,1c3acd809ca20425f4e5d861f8ea8ca812361c48087f2949bc57427cbd20a107,draft
MATCH_EXACT_COUNTRY_CITY,MERGE_REVIEW,A|03,JAPÃO,Kyoto,Japão,Kyoto,675,Destinos | Kyoto,Curadoria Global,Destinos,ang_curated,142298,8ba142c782f77d50b6d4bce924fbcb4d965d24457265b9c7e4403072417d1034,draft
MATCH_EXACT_COUNTRY_CITY,MERGE_REVIEW,A|03,JAPÃO,Kyoto,Japão,Kyoto,676,Hotelaria Global | Kyoto,Curadoria Global,Hotelaria Global,ang_curated,142299,9e2f563bde34430ab7efd7be4e149f781fc88a68e16639b770854b92e64fcc2f,draft
MATCH_EXACT_COUNTRY_CITY,MERGE_REVIEW,A|03,JAPÃO,Kyoto,Japão,Kyoto,677,Experiências | Kyoto,Curadoria Global,Experiências,ang_curated,142300,9e51bb7132411e042beb7283d1dd9da8fbe066cc424a1b013a96a1df66324b5a,draft
MATCH_EXACT_COUNTRY_CITY,MERGE_REVIEW,A|03,JAPÃO,Kyoto,Japão,Kyoto,678,Fornecedores | Kyoto,Curadoria Global,Fornecedores,ang_curated,142301,b9197b20e0a3777ed3be1bbded92763feca132cdc5fcfaf4e06bf7d424fc235d,draft
MATCH_EXACT_COUNTRY_CITY,MERGE_REVIEW,A|03,JAPÃO,Kyoto,Japão,Kyoto,679,Sustentabilidade | Kyoto,Curadoria Global,Sustentabilidade,ang_curated,142302,094d41ac8894f6513a59731a2864afa3d1d8eb2dcb9f759cf800951b7bdaa8e5,draft
MATCH_EXACT_COUNTRY_CITY,MERGE_REVIEW,A|03,JAPÃO,Kyoto,Japão,Kyoto,680,Four Seasons | Kyoto,Conteúdo Global,Parceiros Globais,ang_curated,142303,433440c54ac58af68459c8cb58b03b93ba55d4c3040b2a6519800f7aabc9679a,draft
MATCH_EXACT_COUNTRY_CITY,MERGE_REVIEW,A|03,JAPÃO,Kyoto,Japão,Kyoto,681,Rosewood | Kyoto,Conteúdo Global,Parceiros Globais,ang_curated,142304,289a558e33666da9c80866279a32b734df2ac468519fea05cba087e80227f64f,draft
MATCH_EXACT_COUNTRY_CITY,MERGE_REVIEW,A|03,JAPÃO,Kyoto,Japão,Kyoto,682,Belmond | Kyoto,Conteúdo Global,Parceiros Globais,ang_curated,142305,b385bf268b5510b04273add305d76d8127f7c8823a41995e35e9285efe7ef42f,draft
MATCH_EXACT_COUNTRY_CITY,MERGE_REVIEW,A|03,JAPÃO,Kyoto,Japão,Kyoto,683,Aman | Kyoto,Conteúdo Global,Parceiros Globais,ang_curated,142306,e711198cb210a0c9d2b8e0454f77eef71292a6fcb04439ee56cd506d5b00bd35,draft
MATCH_EXACT_COUNTRY_CITY,MERGE_REVIEW,A|03,JAPÃO,Kyoto,Japão,Kyoto,684,Six Senses | Kyoto,Conteúdo Global,Parceiros Globais,ang_curated,142307,b7185841c75ebe1cf2f0ac1fcb395dda6fc24f2f72b5d4d4473a3dd3f4682a95,draft
MATCH_EXACT_COUNTRY_CITY,MERGE_REVIEW,A|03,JAPÃO,Kyoto,Japão,Kyoto,685,Relais & Châteaux | Kyoto,Conteúdo Global,Parceiros Globais,ang_curated,142308,cc48966a7cf44401c18aa5f82c998a2504adac475b6bffc4ecda3db8cb6fe786,draft
MATCH_EXACT_COUNTRY_CITY,MERGE_REVIEW,A|03,JAPÃO,Kyoto,Japão,Kyoto,686,The Leading Hotels of the World | Kyoto,Conteúdo Global,Parceiros Globais,ang_curated,142309,12b43a9f3403fc05a238a0ec09730e5f0c109ebd8549fb2b895466b9ecb46cfa,draft
MATCH_EXACT_COUNTRY_CITY,MERGE_REVIEW,A|03,JAPÃO,Kyoto,Japão,Kyoto,687,Small Luxury Hotels | Kyoto,Conteúdo Global,Parceiros Globais,ang_curated,142310,f824e1dddbef414ccb245adf717ed158ccb4e53b3a51a6fd6865b1a173f6a03d,draft
MATCH_EXACT_COUNTRY_CITY,MERGE_REVIEW,A|03,JAPÃO,Kyoto,Japão,Kyoto,688,Virtuoso | Kyoto,Conteúdo Global,Parceiros Globais,ang_curated,142311,3218618e6f7b2d608580654c17709434a05a1173ad1223f4f7d1459d9fe1306c,draft
MATCH_EXACT_COUNTRY_CITY,MERGE_REVIEW,A|03,JAPÃO,Kyoto,Japão,Kyoto,689,Serandipians | Kyoto,Conteúdo Global,Parceiros Globais,ang_curated,142312,34a0b21661f19b274aec4ba93d7bf8e7d4a927dff0bb92b9b0f7d9eab9bd596a,draft
MATCH_EXACT_COUNTRY_CITY,MERGE_REVIEW,A|03,JAPÃO,Kyoto,Japão,Kyoto,690,Gastronomia Michelin | Kyoto,Curadoria VIP,Gastronomia Michelin,ang_curated,142313,773da398aaac3cc8238057cd7a86cde8bba523f14ed99b35a41cd71dc1a3c816,draft
MATCH_EXACT_COUNTRY_CITY,MERGE_REVIEW,A|03,JAPÃO,Kyoto,Japão,Kyoto,691,Rooftops & Beach Clubs | Kyoto,Curadoria VIP,Rooftops & Beach Clubs,ang_curated,142314,0e9e4802a22edef9db44cc6e9bebb2cd123ac3026bc52a9ae2bf4c98c1a73ed6,draft
MATCH_EXACT_COUNTRY_CITY,MERGE_REVIEW,A|03,JAPÃO,Kyoto,Japão,Kyoto,692,Compras & Lifestyle | Kyoto,Curadoria VIP,Compras & Lifestyle,ang_curated,142315,8c06bd1f81429b0af5b1c8f0de28d63b0c75feeecccf33298cda62b24e0ba8dd,draft
MATCH_EXACT_COUNTRY_CITY,MERGE_REVIEW,A|03,JAPÃO,Kyoto,Japão,Kyoto,693,Wellness | Kyoto,Curadoria VIP,Wellness,ang_curated,142316,cef1ee8e578d3401b704c3f931705b2b5e8ef65c7bb9ae508b9fbc5bd3deaf06,draft
MATCH_EXACT_COUNTRY_CITY,MERGE_REVIEW,A|03,JAPÃO,Kyoto,Japão,Kyoto,694,Experiências VIP | Kyoto,Curadoria VIP,Experiências VIP,ang_curated,142317,ca0264d78b44c361beb4ee726dd82a89108665aec7f715e91b5940df7f5d5f5e,draft
MATCH_EXACT_COUNTRY_CITY,MERGE_REVIEW,A|03,JAPÃO,Kyoto,Japão,Kyoto,695,Logística & Transporte | Kyoto,Curadoria VIP,Logística & Transporte,ang_curated,142318,8dde2142fe07b4c0af7fe228d315aeed399cd1dbdbefb008d5f088a9b2dc71dc,draft
MATCH_EXACT_COUNTRY_CITY,MERGE_REVIEW,A|03,JAPÃO,Kyoto,Japão,Kyoto,696,Salas VIP | Kyoto,Curadoria VIP,Salas VIP,ang_lounge,142319,413c774bd9aac3e19b5665c5e8266343981efba42bc9ad85973cf37d2ffc9443,draft
MATCH_EXACT_COUNTRY_CITY,MERGE_REVIEW,A|03,JAPÃO,Kyoto,Japão,Kyoto,697,Ski Collection | Kyoto,Curadoria VIP,Ski Collection,ang_curated,142320,0a1e7d8d03a1e0075c908c9f0ea17fea0b4a8e796c20652664ed4555a523aa1d,draft
MATCH_EXACT_COUNTRY_CITY,MERGE_REVIEW,03,GRÉCIA,Atenas,Grécia,Atenas,721,Destinos | Atenas,Curadoria Global,Destinos,ang_curated,142344,3a1521534a96700de1a5e7aee173cc85d88f3c1c0a8e2c3d1ab342555f8599b5,draft
MATCH_EXACT_COUNTRY_CITY,MERGE_REVIEW,03,GRÉCIA,Atenas,Grécia,Atenas,722,Hotelaria Global | Atenas,Curadoria Global,Hotelaria Global,ang_curated,142345,1696d54b069e8f7cda73aca99cdf88de45ec5af0efeee8a788d3760aa3097fe4,draft
MATCH_EXACT_COUNTRY_CITY,MERGE_REVIEW,03,GRÉCIA,Atenas,Grécia,Atenas,723,Experiências | Atenas,Curadoria Global,Experiências,ang_curated,142346,bf2a3ca4818211b1145df25489aee2e928cb5e539399bb56e6428dc1f652ea13,draft
MATCH_EXACT_COUNTRY_CITY,MERGE_REVIEW,03,GRÉCIA,Atenas,Grécia,Atenas,724,Fornecedores | Atenas,Curadoria Global,Fornecedores,ang_curated,142347,34971a339f86d468104ce976ee1d73b21d042819a155483ffcf19418233cc3c1,draft
MATCH_EXACT_COUNTRY_CITY,MERGE_REVIEW,03,GRÉCIA,Atenas,Grécia,Atenas,725,Sustentabilidade | Atenas,Curadoria Global,Sustentabilidade,ang_curated,142348,e612c4a4d43709626219f5dc255664a9a78d36feee0b8d4fbf5d3bbfa1e4b628,draft
MATCH_EXACT_COUNTRY_CITY,MERGE_REVIEW,03,GRÉCIA,Atenas,Grécia,Atenas,726,Four Seasons | Atenas,Conteúdo Global,Parceiros Globais,ang_curated,142349,01110f1937153d460ee3cf7e85eb54166ac14b392a8da4439176288c792d53b7,draft
MATCH_EXACT_COUNTRY_CITY,MERGE_REVIEW,03,GRÉCIA,Atenas,Grécia,Atenas,727,Rosewood | Atenas,Conteúdo Global,Parceiros Globais,ang_curated,142350,88933b712b01d88a44cb4f2223310e820927bb8d7ed7c2b69b98173c9020c4c4,draft
MATCH_EXACT_COUNTRY_CITY,MERGE_REVIEW,03,GRÉCIA,Atenas,Grécia,Atenas,728,Belmond | Atenas,Conteúdo Global,Parceiros Globais,ang_curated,142351,11ac29211b9e4c7ba2b99d54781321d6f2106321c58061f46fb3596b35e24db9,draft
MATCH_EXACT_COUNTRY_CITY,MERGE_REVIEW,03,GRÉCIA,Atenas,Grécia,Atenas,729,Aman | Atenas,Conteúdo Global,Parceiros Globais,ang_curated,142352,cd89ab2d49a82ed5556548719031c383c54abb0875dfd0258598eb89eb0e891d,draft
MATCH_EXACT_COUNTRY_CITY,MERGE_REVIEW,03,GRÉCIA,Atenas,Grécia,Atenas,730,Six Senses | Atenas,Conteúdo Global,Parceiros Globais,ang_curated,142353,f9864e253f68e102088116bc21a247c190764fe88e96feb3b8de7fef0628df17,draft
MATCH_EXACT_COUNTRY_CITY,MERGE_REVIEW,03,GRÉCIA,Atenas,Grécia,Atenas,731,Relais & Châteaux | Atenas,Conteúdo Global,Parceiros Globais,ang_curated,142354,8c055e32df9c445d079a4cfa3bd5752f3ef88d7b8555e7a9af479a6a125025d7,draft
MATCH_EXACT_COUNTRY_CITY,MERGE_REVIEW,03,GRÉCIA,Atenas,Grécia,Atenas,732,The Leading Hotels of the World | Atenas,Conteúdo Global,Parceiros Globais,ang_curated,142355,8ee7cef6af855e664302842a5f2e5107ff6832447175269d982afce1320cef56,draft
MATCH_EXACT_COUNTRY_CITY,MERGE_REVIEW,03,GRÉCIA,Atenas,Grécia,Atenas,733,Small Luxury Hotels | Atenas,Conteúdo Global,Parceiros Globais,ang_curated,142356,6ca8eb2b7d12dfab7ea5e4f728e7efd0216dbfd847fe4f670289f3a216b919d6,draft
MATCH_EXACT_COUNTRY_CITY,MERGE_REVIEW,03,GRÉCIA,Atenas,Grécia,Atenas,734,Virtuoso | Atenas,Conteúdo Global,Parceiros Globais,ang_curated,142357,83a81b833be9fccf48f4c8213a14c497786678392b68e4272cb4ef9469019f2c,draft
MATCH_EXACT_COUNTRY_CITY,MERGE_REVIEW,03,GRÉCIA,Atenas,Grécia,Atenas,735,Serandipians | Atenas,Conteúdo Global,Parceiros Globais,ang_curated,142358,f64e44f8ac9055b50b9818e92c3ee1c80458df5d4b96159021a932493feb647a,draft
MATCH_EXACT_COUNTRY_CITY,MERGE_REVIEW,03,GRÉCIA,Atenas,Grécia,Atenas,736,Gastronomia Michelin | Atenas,Curadoria VIP,Gastronomia Michelin,ang_curated,142359,baac6358da0e4cb98fd21e4f81e7c4965ec15751e831e564c568019b209b95e7,draft
MATCH_EXACT_COUNTRY_CITY,MERGE_REVIEW,03,GRÉCIA,Atenas,Grécia,Atenas,737,Rooftops & Beach Clubs | Atenas,Curadoria VIP,Rooftops & Beach Clubs,ang_curated,142360,1a47a1d470c0c9c87a01199f18d40427fff2aa344ef5599bc1d0c5e44bd70984,draft
MATCH_EXACT_COUNTRY_CITY,MERGE_REVIEW,03,GRÉCIA,Atenas,Grécia,Atenas,738,Compras & Lifestyle | Atenas,Curadoria VIP,Compras & Lifestyle,ang_curated,142361,c485674d3d679542c706d90ae18cea2fdcc5cf1e01f82d00e46a707a1420b536,draft
MATCH_EXACT_COUNTRY_CITY,MERGE_REVIEW,03,GRÉCIA,Atenas,Grécia,Atenas,739,Wellness | Atenas,Curadoria VIP,Wellness,ang_curated,142362,7aac60896b9c05dc30ecbe0e3a68ea4107e57902c9ec45694202fa00b5fe2a1d,draft
MATCH_EXACT_COUNTRY_CITY,MERGE_REVIEW,03,GRÉCIA,Atenas,Grécia,Atenas,740,Experiências VIP | Atenas,Curadoria VIP,Experiências VIP,ang_curated,142363,91dfd3fbec0019c377267d7b28495797b409c1fabb933e847ecc836e1d269bdd,draft
MATCH_EXACT_COUNTRY_CITY,MERGE_REVIEW,03,GRÉCIA,Atenas,Grécia,Atenas,741,Logística & Transporte | Atenas,Curadoria VIP,Logística & Transporte,ang_curated,142364,3f0cc1a5dfc833e6fa5d7b180bb81a437b5ad0c86ee70dca5c1100dea895d96e,draft
MATCH_EXACT_COUNTRY_CITY,MERGE_REVIEW,03,GRÉCIA,Atenas,Grécia,Atenas,742,Salas VIP | Atenas,Curadoria VIP,Salas VIP,ang_lounge,142365,f3e6cdca47163ead00460a97be4aac573d4e6f0947b81b3fb498d5caeb090d9d,draft
MATCH_EXACT_COUNTRY_CITY,MERGE_REVIEW,03,GRÉCIA,Atenas,Grécia,Atenas,743,Ski Collection | Atenas,Curadoria VIP,Ski Collection,ang_curated,142366,774c757ead5b64358858fde0265a3c1d6b44261fdfde58c4ee43f9210b7b5c34,draft
MATCH_EXACT_COUNTRY_CITY,MERGE_REVIEW,A|03,GRÉCIA,Santorini,Grécia,Santorini,744,Destinos | Santorini,Curadoria Global,Destinos,ang_curated,142367,57e5159887bff0b60924e5fe581ba347333a8473b554ba76a802bff2420642d0,draft
MATCH_EXACT_COUNTRY_CITY,MERGE_REVIEW,A|03,GRÉCIA,Santorini,Grécia,Santorini,745,Hotelaria Global | Santorini,Curadoria Global,Hotelaria Global,ang_curated,142368,f7b8d6ea4b75521e05495238f086455dfe4413e7818466098c96ccee5af61d51,draft
MATCH_EXACT_COUNTRY_CITY,MERGE_REVIEW,A|03,GRÉCIA,Santorini,Grécia,Santorini,746,Experiências | Santorini,Curadoria Global,Experiências,ang_curated,142369,6cf8ea60c395cde7da323ecc04e096779817ded77944f725d7eee411e98846c5,draft
MATCH_EXACT_COUNTRY_CITY,MERGE_REVIEW,A|03,GRÉCIA,Santorini,Grécia,Santorini,747,Fornecedores | Santorini,Curadoria Global,Fornecedores,ang_curated,142370,4f07e46911ae1a5807024bf62a0a0b98aefb7db5030e99ba8ea4df720917ea4f,draft
MATCH_EXACT_COUNTRY_CITY,MERGE_REVIEW,A|03,GRÉCIA,Santorini,Grécia,Santorini,748,Sustentabilidade | Santorini,Curadoria Global,Sustentabilidade,ang_curated,142371,0fb1edd15d77db153a98764a8482df4685a53aa1ae29c00afe215c16b847a7c4,draft
MATCH_EXACT_COUNTRY_CITY,MERGE_REVIEW,A|03,GRÉCIA,Santorini,Grécia,Santorini,749,Four Seasons | Santorini,Conteúdo Global,Parceiros Globais,ang_curated,142372,387916c18577148368b43fe003dceb0420b0dcfdb3e03fed606d6ba2a79139a7,draft
MATCH_EXACT_COUNTRY_CITY,MERGE_REVIEW,A|03,GRÉCIA,Santorini,Grécia,Santorini,750,Rosewood | Santorini,Conteúdo Global,Parceiros Globais,ang_curated,142373,9de3dc8f044180e9ad4bb25c0ee78855850e0a90cc2dbf05e71855fb5dbfd5c0,draft
MATCH_EXACT_COUNTRY_CITY,MERGE_REVIEW,A|03,GRÉCIA,Santorini,Grécia,Santorini,751,Belmond | Santorini,Conteúdo Global,Parceiros Globais,ang_curated,142374,a19c3f40a12c7f74d92e1fc8d611d398def02a4617622f57a84801b85a8b3f46,draft
MATCH_EXACT_COUNTRY_CITY,MERGE_REVIEW,A|03,GRÉCIA,Santorini,Grécia,Santorini,752,Aman | Santorini,Conteúdo Global,Parceiros Globais,ang_curated,142375,3baebe49d395910afb15af392403f73570170c3c61dbeb6c976b3a701025a066,draft
MATCH_EXACT_COUNTRY_CITY,MERGE_REVIEW,A|03,GRÉCIA,Santorini,Grécia,Santorini,753,Six Senses | Santorini,Conteúdo Global,Parceiros Globais,ang_curated,142376,d1e19726dce9ab7a9dc8c38c990eb23d9d9343ffb471a44a6725a66521e9e3cc,draft
MATCH_EXACT_COUNTRY_CITY,MERGE_REVIEW,A|03,GRÉCIA,Santorini,Grécia,Santorini,754,Relais & Châteaux | Santorini,Conteúdo Global,Parceiros Globais,ang_curated,142377,cab255ba5976b899d1a9a3328f9a9e87a07286fd17da8e7cdd5ce8fe058fabd0,draft
MATCH_EXACT_COUNTRY_CITY,MERGE_REVIEW,A|03,GRÉCIA,Santorini,Grécia,Santorini,755,The Leading Hotels of the World | Santorini,Conteúdo Global,Parceiros Globais,ang_curated,142378,77dd9a65bc93fba1feee2851b7225f2b6b11a0797bad763e7a5f6c9ee63c4ff8,draft
MATCH_EXACT_COUNTRY_CITY,MERGE_REVIEW,A|03,GRÉCIA,Santorini,Grécia,Santorini,756,Small Luxury Hotels | Santorini,Conteúdo Global,Parceiros Globais,ang_curated,142379,fcb60d28ae2c153ec121873c1d56f3d46423c058e8568b15988aa63dfb27c8bf,draft
MATCH_EXACT_COUNTRY_CITY,MERGE_REVIEW,A|03,GRÉCIA,Santorini,Grécia,Santorini,757,Virtuoso | Santorini,Conteúdo Global,Parceiros Globais,ang_curated,142380,ceefb8de26baf65a6a058a1d8bd7518099f67c0034d22e73b23b35460c02e74f,draft
MATCH_EXACT_COUNTRY_CITY,MERGE_REVIEW,A|03,GRÉCIA,Santorini,Grécia,Santorini,758,Serandipians | Santorini,Conteúdo Global,Parceiros Globais,ang_curated,142381,4441b651a5e09a0437f2b98fa203b75a95f943f56e5c091cb0270ce4f66d7b88,draft
MATCH_EXACT_COUNTRY_CITY,MERGE_REVIEW,A|03,GRÉCIA,Santorini,Grécia,Santorini,759,Gastronomia Michelin | Santorini,Curadoria VIP,Gastronomia Michelin,ang_curated,142382,f6887e94793b0a1dc0091fea4a45baef7c071368d0e093884fcd0b228cc48726,draft
MATCH_EXACT_COUNTRY_CITY,MERGE_REVIEW,A|03,GRÉCIA,Santorini,Grécia,Santorini,760,Rooftops & Beach Clubs | Santorini,Curadoria VIP,Rooftops & Beach Clubs,ang_curated,142383,9323c51370ca4ef350d8d733ea94fcfd5df2029446c66333a9f5deb465a270d0,draft
MATCH_EXACT_COUNTRY_CITY,MERGE_REVIEW,A|03,GRÉCIA,Santorini,Grécia,Santorini,761,Compras & Lifestyle | Santorini,Curadoria VIP,Compras & Lifestyle,ang_curated,142384,c8a039858152a65c80aeac16c17052b0f95113ced01d1aab7a6ab847500939b9,draft
MATCH_EXACT_COUNTRY_CITY,MERGE_REVIEW,A|03,GRÉCIA,Santorini,Grécia,Santorini,762,Wellness | Santorini,Curadoria VIP,Wellness,ang_curated,142385,4b767efc3b4cbb6f118d637d455b917e902718b278b97e3d7971e0dde7d2094a,draft
MATCH_EXACT_COUNTRY_CITY,MERGE_REVIEW,A|03,GRÉCIA,Santorini,Grécia,Santorini,763,Experiências VIP | Santorini,Curadoria VIP,Experiências VIP,ang_curated,142386,481da302078598f381ebe0f51be6b06369ac0f1c9a504edbcc1fedf4cf18238c,draft
MATCH_EXACT_COUNTRY_CITY,MERGE_REVIEW,A|03,GRÉCIA,Santorini,Grécia,Santorini,764,Logística & Transporte | Santorini,Curadoria VIP,Logística & Transporte,ang_curated,142387,a5ac18d952dcfae8b031bc4925a77a0f1e7bfdcb0e23aafdc007765da1ca4021,draft
MATCH_EXACT_COUNTRY_CITY,MERGE_REVIEW,A|03,GRÉCIA,Santorini,Grécia,Santorini,765,Salas VIP | Santorini,Curadoria VIP,Salas VIP,ang_lounge,142388,61499dd2fe9402a9f0f8b3f4df6fb547b8cccca86b1f316d8ab0992137f8339f,draft
MATCH_EXACT_COUNTRY_CITY,MERGE_REVIEW,A|03,GRÉCIA,Santorini,Grécia,Santorini,766,Ski Collection | Santorini,Curadoria VIP,Ski Collection,ang_curated,142389,aadeec23d4c246ea18b428a66430ace9a1e3ea295f2e1ccc49e54a8f115296a4,draft
MATCH_EXACT_COUNTRY_CITY,MERGE_REVIEW,A|03,GRÉCIA,Mykonos,Grécia,Mykonos,767,Destinos | Mykonos,Curadoria Global,Destinos,ang_curated,142390,de873d7fe48bd14479636b19972d7851de1212a3fa9670a0b2aa0b084ed9afe9,draft
MATCH_EXACT_COUNTRY_CITY,MERGE_REVIEW,A|03,GRÉCIA,Mykonos,Grécia,Mykonos,768,Hotelaria Global | Mykonos,Curadoria Global,Hotelaria Global,ang_curated,142391,e57c49440b8e45496d7b470da7c1e2d08ef56dd3b4550f0584924a30911ee5bf,draft
MATCH_EXACT_COUNTRY_CITY,MERGE_REVIEW,A|03,GRÉCIA,Mykonos,Grécia,Mykonos,769,Experiências | Mykonos,Curadoria Global,Experiências,ang_curated,142392,0d081d835cc6da2365ed92f86dc87e888f51b4b90d4147279648f73d7cea95dc,draft
MATCH_EXACT_COUNTRY_CITY,MERGE_REVIEW,A|03,GRÉCIA,Mykonos,Grécia,Mykonos,770,Fornecedores | Mykonos,Curadoria Global,Fornecedores,ang_curated,142393,6e5b0a2c8a1321343777ea135e5070bd4300aadff8be00526572dc625845066a,draft
MATCH_EXACT_COUNTRY_CITY,MERGE_REVIEW,A|03,GRÉCIA,Mykonos,Grécia,Mykonos,771,Sustentabilidade | Mykonos,Curadoria Global,Sustentabilidade,ang_curated,142394,8356979c043a5fcd8b16f6d55e1f66968e851f154fa375284d506ddb461612ab,draft
MATCH_EXACT_COUNTRY_CITY,MERGE_REVIEW,A|03,GRÉCIA,Mykonos,Grécia,Mykonos,772,Four Seasons | Mykonos,Conteúdo Global,Parceiros Globais,ang_curated,142395,4598013d4108872b3a512d72e473ee7a4a2cdb1318ea7c42c528c94ceda19326,draft
MATCH_EXACT_COUNTRY_CITY,MERGE_REVIEW,A|03,GRÉCIA,Mykonos,Grécia,Mykonos,773,Rosewood | Mykonos,Conteúdo Global,Parceiros Globais,ang_curated,142396,390ac786ff2a1c71504e28c94dee744365c54c83f8a46bd414478737a8e344a0,draft
MATCH_EXACT_COUNTRY_CITY,MERGE_REVIEW,A|03,GRÉCIA,Mykonos,Grécia,Mykonos,774,Belmond | Mykonos,Conteúdo Global,Parceiros Globais,ang_curated,142397,82e5e3cac5bb85992bd3d232cf2cf939d6b49b7679097f7123b5220d67de1678,draft
MATCH_EXACT_COUNTRY_CITY,MERGE_REVIEW,A|03,GRÉCIA,Mykonos,Grécia,Mykonos,775,Aman | Mykonos,Conteúdo Global,Parceiros Globais,ang_curated,142398,4301fca66e4d01d7bb8ce854c5c42ea5b9c2dfe8ba41a9f86c9fc6cbfe78d9c1,draft
MATCH_EXACT_COUNTRY_CITY,MERGE_REVIEW,A|03,GRÉCIA,Mykonos,Grécia,Mykonos,776,Six Senses | Mykonos,Conteúdo Global,Parceiros Globais,ang_curated,142399,f87cfbfdaf74dc48dfbeb24de2b34254be533e185111867d0c8d37d365842f85,draft
MATCH_EXACT_COUNTRY_CITY,MERGE_REVIEW,A|03,GRÉCIA,Mykonos,Grécia,Mykonos,777,Relais & Châteaux | Mykonos,Conteúdo Global,Parceiros Globais,ang_curated,142400,0ee2f9035339664841565e14cc539905385636fb8fc1e74537038320178d24a9,draft
MATCH_EXACT_COUNTRY_CITY,MERGE_REVIEW,A|03,GRÉCIA,Mykonos,Grécia,Mykonos,778,The Leading Hotels of the World | Mykonos,Conteúdo Global,Parceiros Globais,ang_curated,142401,77b5c4216a0d511edcd35e0fd19f532fc1dd36d3406e31d7da208a2a5b6868e6,draft
MATCH_EXACT_COUNTRY_CITY,MERGE_REVIEW,A|03,GRÉCIA,Mykonos,Grécia,Mykonos,779,Small Luxury Hotels | Mykonos,Conteúdo Global,Parceiros Globais,ang_curated,142402,3b7ffa6274d33b2610552091f4be9495f3188a6e6985bf2ac1e895f55f0e5ec0,draft
MATCH_EXACT_COUNTRY_CITY,MERGE_REVIEW,A|03,GRÉCIA,Mykonos,Grécia,Mykonos,780,Virtuoso | Mykonos,Conteúdo Global,Parceiros Globais,ang_curated,142403,0fa7d528b172679ea828649fefa59e79f2efd374cab0a2f669a2f896d1c05511,draft
MATCH_EXACT_COUNTRY_CITY,MERGE_REVIEW,A|03,GRÉCIA,Mykonos,Grécia,Mykonos,781,Serandipians | Mykonos,Conteúdo Global,Parceiros Globais,ang_curated,142404,bbf5a25cfa298394ae8b55f929b2c4a279c85f92f6954ecb38bc969e201173c2,draft
MATCH_EXACT_COUNTRY_CITY,MERGE_REVIEW,A|03,GRÉCIA,Mykonos,Grécia,Mykonos,782,Gastronomia Michelin | Mykonos,Curadoria VIP,Gastronomia Michelin,ang_curated,142405,28369071553cf6a9038a137e0524dd4352c6bf33ecba4a11340ac6ee5810ffd0,draft
MATCH_EXACT_COUNTRY_CITY,MERGE_REVIEW,A|03,GRÉCIA,Mykonos,Grécia,Mykonos,783,Rooftops & Beach Clubs | Mykonos,Curadoria VIP,Rooftops & Beach Clubs,ang_curated,142406,7a68fb973e8b83426ccfa0f647312c0706c8633a07d664c117d26b6620fa6573,draft
MATCH_EXACT_COUNTRY_CITY,MERGE_REVIEW,A|03,GRÉCIA,Mykonos,Grécia,Mykonos,784,Compras & Lifestyle | Mykonos,Curadoria VIP,Compras & Lifestyle,ang_curated,142407,93d45bf87054b7baffd59959dc30d7f506d0981da442732b5c4618779a339b72,draft
MATCH_EXACT_COUNTRY_CITY,MERGE_REVIEW,A|03,GRÉCIA,Mykonos,Grécia,Mykonos,785,Wellness | Mykonos,Curadoria VIP,Wellness,ang_curated,142408,82ed300582e6ac23d9ffd6a268a3152c15d0e32aa322eb8ceee365208b38b4d6,draft
MATCH_EXACT_COUNTRY_CITY,MERGE_REVIEW,A|03,GRÉCIA,Mykonos,Grécia,Mykonos,786,Experiências VIP | Mykonos,Curadoria VIP,Experiências VIP,ang_curated,142409,7dc6e32c5ca31bdd760b90888e5763a0c19b1ad71f20d4c23b0998eca3bd0bf6,draft
MATCH_EXACT_COUNTRY_CITY,MERGE_REVIEW,A|03,GRÉCIA,Mykonos,Grécia,Mykonos,787,Logística & Transporte | Mykonos,Curadoria VIP,Logística & Transporte,ang_curated,142410,886c5ec442053c185573e99e3ff2640f58313c1643a9df616cbfecd1d28c17c4,draft
MATCH_EXACT_COUNTRY_CITY,MERGE_REVIEW,A|03,GRÉCIA,Mykonos,Grécia,Mykonos,788,Salas VIP | Mykonos,Curadoria VIP,Salas VIP,ang_lounge,142411,dc541603a94589c5a43c81c0585e8221608361f8a68399aead4ad979f990714a,draft
MATCH_EXACT_COUNTRY_CITY,MERGE_REVIEW,A|03,GRÉCIA,Mykonos,Grécia,Mykonos,789,Ski Collection | Mykonos,Curadoria VIP,Ski Collection,ang_curated,142412,54fa259330866c412566af462c8460ae74015b33f9709dbdfe32b565d16c7b0b,draft
MATCH_EXACT_COUNTRY_CITY,MERGE_REVIEW,A,EMIRADOS ÁRABES UNIDOS,Dubai,Emirados Árabes Unidos,Dubai,790,Destinos | Dubai,Curadoria Global,Destinos,ang_curated,142413,27b2c7784a0ef0c7c88ae1313df8c62e4000dc356598c0c87adc6548a2a1f777,draft
MATCH_EXACT_COUNTRY_CITY,MERGE_REVIEW,A,EMIRADOS ÁRABES UNIDOS,Dubai,Emirados Árabes Unidos,Dubai,791,Hotelaria Global | Dubai,Curadoria Global,Hotelaria Global,ang_curated,142414,25585a03485f9f514d5079cb94b7caec1708c978470e1ba77a13bdbbb4cfdbf5,draft
MATCH_EXACT_COUNTRY_CITY,MERGE_REVIEW,A,EMIRADOS ÁRABES UNIDOS,Dubai,Emirados Árabes Unidos,Dubai,792,Experiências | Dubai,Curadoria Global,Experiências,ang_curated,142415,ce6046b90f7eaaf96c23a9741263148eadd5a3d7eb94f8b7c2da0aa73dad6041,draft
MATCH_EXACT_COUNTRY_CITY,MERGE_REVIEW,A,EMIRADOS ÁRABES UNIDOS,Dubai,Emirados Árabes Unidos,Dubai,793,Fornecedores | Dubai,Curadoria Global,Fornecedores,ang_curated,142416,3558cf718b73c71a2fd1ff066e299c709df102ede2fe0e2023c14d12e60e8adc,draft
MATCH_EXACT_COUNTRY_CITY,MERGE_REVIEW,A,EMIRADOS ÁRABES UNIDOS,Dubai,Emirados Árabes Unidos,Dubai,794,Sustentabilidade | Dubai,Curadoria Global,Sustentabilidade,ang_curated,142417,969ce4cee63a2e24adddf63fb247a159ebc9f0f884d706f0b8379893c7ab8c72,draft
MATCH_EXACT_COUNTRY_CITY,MERGE_REVIEW,A,EMIRADOS ÁRABES UNIDOS,Dubai,Emirados Árabes Unidos,Dubai,795,Four Seasons | Dubai,Conteúdo Global,Parceiros Globais,ang_curated,142418,ceff221272cbfad2433143dee76b57c620bcc24320f94b45282aa8a64a3ae4a5,draft
MATCH_EXACT_COUNTRY_CITY,MERGE_REVIEW,A,EMIRADOS ÁRABES UNIDOS,Dubai,Emirados Árabes Unidos,Dubai,796,Rosewood | Dubai,Conteúdo Global,Parceiros Globais,ang_curated,142419,d22b8adb96e388fe947d49c43b444a88c2467bf271ad3dac52a13f513e5a8965,draft
MATCH_EXACT_COUNTRY_CITY,MERGE_REVIEW,A,EMIRADOS ÁRABES UNIDOS,Dubai,Emirados Árabes Unidos,Dubai,797,Belmond | Dubai,Conteúdo Global,Parceiros Globais,ang_curated,142420,e30e0160a2fb4c5007bd0e456f131568ce141e93b5e1aa4cc0f4c1530bac94f1,draft
MATCH_EXACT_COUNTRY_CITY,MERGE_REVIEW,A,EMIRADOS ÁRABES UNIDOS,Dubai,Emirados Árabes Unidos,Dubai,798,Aman | Dubai,Conteúdo Global,Parceiros Globais,ang_curated,142421,462c45b3bce3a5fb266029e364f2ea31fd0a664ee7c9ebd62739452f34620b28,draft
MATCH_EXACT_COUNTRY_CITY,MERGE_REVIEW,A,EMIRADOS ÁRABES UNIDOS,Dubai,Emirados Árabes Unidos,Dubai,799,Six Senses | Dubai,Conteúdo Global,Parceiros Globais,ang_curated,142422,8330ded3c1a7e21acfe7729271084045e527b4f57e68b7ec8f5ba3926b9bd10c,draft
MATCH_EXACT_COUNTRY_CITY,MERGE_REVIEW,A,EMIRADOS ÁRABES UNIDOS,Dubai,Emirados Árabes Unidos,Dubai,800,Relais & Châteaux | Dubai,Conteúdo Global,Parceiros Globais,ang_curated,142423,66bfecc0d4faa580310913d5dfe8dccb693443849668be655e48d1ff1e12e6bf,draft
MATCH_EXACT_COUNTRY_CITY,MERGE_REVIEW,A,EMIRADOS ÁRABES UNIDOS,Dubai,Emirados Árabes Unidos,Dubai,801,The Leading Hotels of the World | Dubai,Conteúdo Global,Parceiros Globais,ang_curated,142424,d2abd05fe0f82d929e577c8e6f369b93e74943955872d13a037de25d9fd7dbec,draft
MATCH_EXACT_COUNTRY_CITY,MERGE_REVIEW,A,EMIRADOS ÁRABES UNIDOS,Dubai,Emirados Árabes Unidos,Dubai,802,Small Luxury Hotels | Dubai,Conteúdo Global,Parceiros Globais,ang_curated,142425,c47f7b24ebbe3b4f1703a586ae071b9d2f6d9d3f877682d9d8fb61c2ec2b3e73,draft
MATCH_EXACT_COUNTRY_CITY,MERGE_REVIEW,A,EMIRADOS ÁRABES UNIDOS,Dubai,Emirados Árabes Unidos,Dubai,803,Virtuoso | Dubai,Conteúdo Global,Parceiros Globais,ang_curated,142426,af106fd05e46580e113b3cc3c335aed6a5e66e4ad6f2b5209c862f94f127652e,draft
MATCH_EXACT_COUNTRY_CITY,MERGE_REVIEW,A,EMIRADOS ÁRABES UNIDOS,Dubai,Emirados Árabes Unidos,Dubai,804,Serandipians | Dubai,Conteúdo Global,Parceiros Globais,ang_curated,142427,d10dfdcf5ba51e32c32f6868b2b04278546b96efb81bf6cb312f9df77daa4ef7,draft
MATCH_EXACT_COUNTRY_CITY,MERGE_REVIEW,A,EMIRADOS ÁRABES UNIDOS,Dubai,Emirados Árabes Unidos,Dubai,805,Gastronomia Michelin | Dubai,Curadoria VIP,Gastronomia Michelin,ang_curated,142428,9b55161b43b5a4cb482694cdbc1611312c02497dff7051ced0ef85ea59ce40f4,draft
MATCH_EXACT_COUNTRY_CITY,MERGE_REVIEW,A,EMIRADOS ÁRABES UNIDOS,Dubai,Emirados Árabes Unidos,Dubai,806,Rooftops & Beach Clubs | Dubai,Curadoria VIP,Rooftops & Beach Clubs,ang_curated,142429,1e81d32ed58177aac9096070e28593c7e5cef8dc5825d5f4b3339f2e0b482b08,draft
MATCH_EXACT_COUNTRY_CITY,MERGE_REVIEW,A,EMIRADOS ÁRABES UNIDOS,Dubai,Emirados Árabes Unidos,Dubai,807,Compras & Lifestyle | Dubai,Curadoria VIP,Compras & Lifestyle,ang_curated,142430,93b8c4fead89e8899151934b7fa6674f39a9bf6b8374881cc1963d89609d61e6,draft
MATCH_EXACT_COUNTRY_CITY,MERGE_REVIEW,A,EMIRADOS ÁRABES UNIDOS,Dubai,Emirados Árabes Unidos,Dubai,808,Wellness | Dubai,Curadoria VIP,Wellness,ang_curated,142431,067da0530e2d5ba8c3a8d04af16d2ac5bf9ca3c12382fde15589c934ae54b25c,draft
MATCH_EXACT_COUNTRY_CITY,MERGE_REVIEW,A,EMIRADOS ÁRABES UNIDOS,Dubai,Emirados Árabes Unidos,Dubai,809,Experiências VIP | Dubai,Curadoria VIP,Experiências VIP,ang_curated,142432,6c5e5b1712078bcadc100c6fa28418ad2619ff6aa4edfc331383af9ca6cf6be5,draft
MATCH_EXACT_COUNTRY_CITY,MERGE_REVIEW,A,EMIRADOS ÁRABES UNIDOS,Dubai,Emirados Árabes Unidos,Dubai,810,Logística & Transporte | Dubai,Curadoria VIP,Logística & Transporte,ang_curated,142433,6b0e620cebe304e64778acdc7c04a33690cbc79777520ba9c70e85a6288dcf11,draft
MATCH_EXACT_COUNTRY_CITY,MERGE_REVIEW,A,EMIRADOS ÁRABES UNIDOS,Dubai,Emirados Árabes Unidos,Dubai,811,Salas VIP | Dubai,Curadoria VIP,Salas VIP,ang_lounge,142434,9e5d07664133c4e502ac144bf1bd3ddd38368ce72ce9dd15635359080c225b8f,draft
MATCH_EXACT_COUNTRY_CITY,MERGE_REVIEW,A,EMIRADOS ÁRABES UNIDOS,Dubai,Emirados Árabes Unidos,Dubai,812,Ski Collection | Dubai,Curadoria VIP,Ski Collection,ang_curated,142435,082f9ca9489a44a96a87954cfa0aa58c2e23c4c1510ea83a494c1fe958bc6099,draft
MATCH_EXACT_COUNTRY_CITY,MERGE_REVIEW,A,EMIRADOS ÁRABES UNIDOS,Abu Dhabi,Emirados Árabes Unidos,Abu Dhabi,813,Destinos | Abu Dhabi,Curadoria Global,Destinos,ang_curated,142436,184ecc3640398aad0995e3eeefaadd84179aecfcf37e517a74fc14549952f2a7,draft
MATCH_EXACT_COUNTRY_CITY,MERGE_REVIEW,A,EMIRADOS ÁRABES UNIDOS,Abu Dhabi,Emirados Árabes Unidos,Abu Dhabi,814,Hotelaria Global | Abu Dhabi,Curadoria Global,Hotelaria Global,ang_curated,142437,83d6219dc1f19ad201233d4d69be57c6d2d5f84d25e01943703717c26d497b77,draft
MATCH_EXACT_COUNTRY_CITY,MERGE_REVIEW,A,EMIRADOS ÁRABES UNIDOS,Abu Dhabi,Emirados Árabes Unidos,Abu Dhabi,815,Experiências | Abu Dhabi,Curadoria Global,Experiências,ang_curated,142438,6caddd9a0450186ac17c2703bb45f009e66e2bbe20bca8cb35a642da38cf8e7d,draft
MATCH_EXACT_COUNTRY_CITY,MERGE_REVIEW,A,EMIRADOS ÁRABES UNIDOS,Abu Dhabi,Emirados Árabes Unidos,Abu Dhabi,816,Fornecedores | Abu Dhabi,Curadoria Global,Fornecedores,ang_curated,142439,b89f174dfaca75af4ad4a951bb9dbcae1348e67bf96e57f973db11c63bda8df5,draft
MATCH_EXACT_COUNTRY_CITY,MERGE_REVIEW,A,EMIRADOS ÁRABES UNIDOS,Abu Dhabi,Emirados Árabes Unidos,Abu Dhabi,817,Sustentabilidade | Abu Dhabi,Curadoria Global,Sustentabilidade,ang_curated,142440,496168fbf7d17780a1d35de8924c65fe1e6676e66a4df301e67428392172dfe8,draft
MATCH_EXACT_COUNTRY_CITY,MERGE_REVIEW,A,EMIRADOS ÁRABES UNIDOS,Abu Dhabi,Emirados Árabes Unidos,Abu Dhabi,818,Four Seasons | Abu Dhabi,Conteúdo Global,Parceiros Globais,ang_curated,142441,086a8bbc30ce58a583ee40bd3dd1013f9e37706dd2323c02c488f4d0b33f4a99,draft
MATCH_EXACT_COUNTRY_CITY,MERGE_REVIEW,A,EMIRADOS ÁRABES UNIDOS,Abu Dhabi,Emirados Árabes Unidos,Abu Dhabi,819,Rosewood | Abu Dhabi,Conteúdo Global,Parceiros Globais,ang_curated,142442,23166f88ca31220058acf93dc0bd4c6e3640baeb26dce76377500af6b396bb64,draft
MATCH_EXACT_COUNTRY_CITY,MERGE_REVIEW,A,EMIRADOS ÁRABES UNIDOS,Abu Dhabi,Emirados Árabes Unidos,Abu Dhabi,820,Belmond | Abu Dhabi,Conteúdo Global,Parceiros Globais,ang_curated,142443,94df32c6add7a04c2067cb3c653ba91fd1b2111aad716bb23c5214ff18c3da18,draft
MATCH_EXACT_COUNTRY_CITY,MERGE_REVIEW,A,EMIRADOS ÁRABES UNIDOS,Abu Dhabi,Emirados Árabes Unidos,Abu Dhabi,821,Aman | Abu Dhabi,Conteúdo Global,Parceiros Globais,ang_curated,142444,729cbe62f1c0ec35c1841996eda90df4886ba1285d236d110dcbceda1d3283e4,draft
MATCH_EXACT_COUNTRY_CITY,MERGE_REVIEW,A,EMIRADOS ÁRABES UNIDOS,Abu Dhabi,Emirados Árabes Unidos,Abu Dhabi,822,Six Senses | Abu Dhabi,Conteúdo Global,Parceiros Globais,ang_curated,142445,16988a898f9793db54bee9d2a25c513384ec20b8c567c9703746fb6c09ed4a87,draft
MATCH_EXACT_COUNTRY_CITY,MERGE_REVIEW,A,EMIRADOS ÁRABES UNIDOS,Abu Dhabi,Emirados Árabes Unidos,Abu Dhabi,823,Relais & Châteaux | Abu Dhabi,Conteúdo Global,Parceiros Globais,ang_curated,142446,d1547ab8483e3f445308aece75a26de4b32b96f501072ea9d5f68aa6e0fe992e,draft
MATCH_EXACT_COUNTRY_CITY,MERGE_REVIEW,A,EMIRADOS ÁRABES UNIDOS,Abu Dhabi,Emirados Árabes Unidos,Abu Dhabi,824,The Leading Hotels of the World | Abu Dhabi,Conteúdo Global,Parceiros Globais,ang_curated,142447,fc1b94937d9a4c6b24c942d1775378095da579c056426d07cfe836d938a8ec0d,draft
MATCH_EXACT_COUNTRY_CITY,MERGE_REVIEW,A,EMIRADOS ÁRABES UNIDOS,Abu Dhabi,Emirados Árabes Unidos,Abu Dhabi,825,Small Luxury Hotels | Abu Dhabi,Conteúdo Global,Parceiros Globais,ang_curated,142448,f6d678625cabbcda5fd97c81eb1e21757aec555ba030133789f333606d5998b8,draft
MATCH_EXACT_COUNTRY_CITY,MERGE_REVIEW,A,EMIRADOS ÁRABES UNIDOS,Abu Dhabi,Emirados Árabes Unidos,Abu Dhabi,826,Virtuoso | Abu Dhabi,Conteúdo Global,Parceiros Globais,ang_curated,142449,d70f381c247112548f4a2920a55832f61b508064bc87fa80a9708e6016e739e2,draft
MATCH_EXACT_COUNTRY_CITY,MERGE_REVIEW,A,EMIRADOS ÁRABES UNIDOS,Abu Dhabi,Emirados Árabes Unidos,Abu Dhabi,827,Serandipians | Abu Dhabi,Conteúdo Global,Parceiros Globais,ang_curated,142450,216660fa60dbc8826272390a7a7d3f017d8a4e9caf7efaca2cba99d527393d37,draft
MATCH_EXACT_COUNTRY_CITY,MERGE_REVIEW,A,EMIRADOS ÁRABES UNIDOS,Abu Dhabi,Emirados Árabes Unidos,Abu Dhabi,828,Gastronomia Michelin | Abu Dhabi,Curadoria VIP,Gastronomia Michelin,ang_curated,142451,5c714c446d7e62c319adbb039929aeeab4970f2dd0708517eaacc9f1e49d1d9d,draft
MATCH_EXACT_COUNTRY_CITY,MERGE_REVIEW,A,EMIRADOS ÁRABES UNIDOS,Abu Dhabi,Emirados Árabes Unidos,Abu Dhabi,829,Rooftops & Beach Clubs | Abu Dhabi,Curadoria VIP,Rooftops & Beach Clubs,ang_curated,142452,8a2e7f0469605d3909a27f9dffa4a6cbf1f6ed3c81f856650e117d4af17dc5b1,draft
MATCH_EXACT_COUNTRY_CITY,MERGE_REVIEW,A,EMIRADOS ÁRABES UNIDOS,Abu Dhabi,Emirados Árabes Unidos,Abu Dhabi,830,Compras & Lifestyle | Abu Dhabi,Curadoria VIP,Compras & Lifestyle,ang_curated,142453,65610dcf7c0997a88f0567f6a6d9acaaf563f6c457c62c4da7e2691d029327fc,draft
MATCH_EXACT_COUNTRY_CITY,MERGE_REVIEW,A,EMIRADOS ÁRABES UNIDOS,Abu Dhabi,Emirados Árabes Unidos,Abu Dhabi,831,Wellness | Abu Dhabi,Curadoria VIP,Wellness,ang_curated,142454,2f93009fcb8a28dc98f78a385f10e00e4ee12699ef1d397f64c13d9751734a95,draft
MATCH_EXACT_COUNTRY_CITY,MERGE_REVIEW,A,EMIRADOS ÁRABES UNIDOS,Abu Dhabi,Emirados Árabes Unidos,Abu Dhabi,832,Experiências VIP | Abu Dhabi,Curadoria VIP,Experiências VIP,ang_curated,142455,0a8b5218b3aa88ed243e5ff5d4fa544a60d535dee6b3481c827222f8202ea8f1,draft
MATCH_EXACT_COUNTRY_CITY,MERGE_REVIEW,A,EMIRADOS ÁRABES UNIDOS,Abu Dhabi,Emirados Árabes Unidos,Abu Dhabi,833,Logística & Transporte | Abu Dhabi,Curadoria VIP,Logística & Transporte,ang_curated,142456,f96ee40cbc2bdb8d1f6d5f43f4bdb267fe3123663718c254e39873daabf22892,draft
MATCH_EXACT_COUNTRY_CITY,MERGE_REVIEW,A,EMIRADOS ÁRABES UNIDOS,Abu Dhabi,Emirados Árabes Unidos,Abu Dhabi,834,Salas VIP | Abu Dhabi,Curadoria VIP,Salas VIP,ang_lounge,142457,c10d2749cf39b0702bfb2e63c55b9faf4ca1dfdcde5a18be7c72b83925bac022,draft
MATCH_EXACT_COUNTRY_CITY,MERGE_REVIEW,A,EMIRADOS ÁRABES UNIDOS,Abu Dhabi,Emirados Árabes Unidos,Abu Dhabi,835,Ski Collection | Abu Dhabi,Curadoria VIP,Ski Collection,ang_curated,142458,81e40e75266472c08711cf67c06d43d91b8b6e9ac4e81839870954828fd77c6e,draft
